FECHA,PLANTACION,FRECUENCIA
2021-10-01,Nuevo Horizonte,11.0
2021-10-01,Palmawasi,14.45
2021-10-02,Nuevo Horizonte,11.0
2021-10-02,Palmawasi,15.1
2021-10-03,Nuevo Horizonte,
2021-10-03,Palmawasi,16.0
2021-10-04,Nuevo Horizonte,10.0
2021-10-04,Palmawasi,16.033334
2021-10-05,Nuevo Horizonte,12.0
2021-10-05,Palmawasi,15.35
2021-10-06,Nuevo Horizonte,12.0
2021-10-06,Palmawasi,15.316667999999998
2021-10-07,Nuevo Horizonte,11.0
2021-10-07,Palmawasi,15.3
2021-10-08,Nuevo Horizonte,10.0
2021-10-08,Palmawasi,14.816666000000001
2021-10-09,Nuevo Horizonte,
2021-10-09,Palmawasi,14.666666666666666
2021-10-10,Nuevo Horizonte,
2021-10-10,Palmawasi,
2021-10-11,Nuevo Horizonte,11.0
2021-10-11,Palmawasi,17.3
2021-10-12,Nuevo Horizonte,11.0
2021-10-12,Palmawasi,17.266666
2021-10-13,Nuevo Horizonte,11.0
2021-10-13,Palmawasi,17.233334
2021-10-14,Nuevo Horizonte,10.0
2021-10-14,Palmawasi,17.25
2021-10-15,Nuevo Horizonte,11.0
2021-10-15,Palmawasi,16.783334
2021-10-16,Nuevo Horizonte,10.0
2021-10-16,Palmawasi,16.9
2021-10-17,Nuevo Horizonte,
2021-10-17,Palmawasi,17.6458325
2021-10-18,Nuevo Horizonte,12.0
2021-10-18,Palmawasi,18.316668
2021-10-19,Nuevo Horizonte,12.0
2021-10-19,Palmawasi,18.233332
2021-10-20,Nuevo Horizonte,12.0
2021-10-20,Palmawasi,17.683334
2021-10-21,Nuevo Horizonte,12.0
2021-10-21,Palmawasi,17.7
2021-10-22,Nuevo Horizonte,11.0
2021-10-22,Palmawasi,17.9
2021-10-23,Nuevo Horizonte,11.0
2021-10-23,Palmawasi,18.133333999999998
2021-10-24,Nuevo Horizonte,
2021-10-24,Palmawasi,17.933334
2021-10-25,Nuevo Horizonte,11.0
2021-10-25,Palmawasi,17.733334
2021-10-26,Nuevo Horizonte,12.0
2021-10-26,Palmawasi,17.65
2021-10-27,Nuevo Horizonte,12.0
2021-10-27,Palmawasi,17.683334
2021-10-28,Nuevo Horizonte,12.0
2021-10-28,Palmawasi,16.966666
2021-10-29,Nuevo Horizonte,10.0
2021-10-29,Palmawasi,17.516668
2021-10-30,Nuevo Horizonte,
2021-10-30,Palmawasi,19.866666000000002
2021-10-31,Nuevo Horizonte,
2021-10-31,Palmawasi,
2021-11-01,Nuevo Horizonte,
2021-11-01,Palmawasi,
2021-11-02,Nuevo Horizonte,13.0
2021-11-02,Palmawasi,18.983332
2021-11-03,Nuevo Horizonte,13.0
2021-11-03,Palmawasi,19.033332
2021-11-04,Nuevo Horizonte,10.0
2021-11-04,Palmawasi,18.066666
2021-11-05,Nuevo Horizonte,13.0
2021-11-05,Palmawasi,19.05
2021-11-06,Nuevo Horizonte,12.0
2021-11-06,Palmawasi,18.866666000000002
2021-11-07,Nuevo Horizonte,
2021-11-07,Palmawasi,20.5
2021-11-08,Nuevo Horizonte,13.0
2021-11-08,Palmawasi,19.666666
2021-11-09,Nuevo Horizonte,14.0
2021-11-09,Palmawasi,19.449998
2021-11-10,Nuevo Horizonte,14.0
2021-11-10,Palmawasi,19.366666000000002
2021-11-11,Nuevo Horizonte,14.0
2021-11-11,Palmawasi,18.999997999999998
2021-11-12,Nuevo Horizonte,14.0
2021-11-12,Palmawasi,18.699998
2021-11-13,Nuevo Horizonte,
2021-11-13,Palmawasi,18.449998
2021-11-14,Nuevo Horizonte,
2021-11-14,Palmawasi,22.0833325
2021-11-15,Nuevo Horizonte,11.0
2021-11-15,Palmawasi,19.399998
2021-11-16,Nuevo Horizonte,14.0
2021-11-16,Palmawasi,18.449998
2021-11-17,Nuevo Horizonte,12.0
2021-11-17,Palmawasi,18.75
2021-11-18,Nuevo Horizonte,12.0
2021-11-18,Palmawasi,19.05
2021-11-19,Nuevo Horizonte,11.0
2021-11-19,Palmawasi,18.85
2021-11-20,Nuevo Horizonte,11.0
2021-11-20,Palmawasi,18.5
2021-11-21,Nuevo Horizonte,
2021-11-21,Palmawasi,20.0
2021-11-22,Nuevo Horizonte,13.0
2021-11-22,Palmawasi,19.183332
2021-11-23,Nuevo Horizonte,13.0
2021-11-23,Palmawasi,18.949998
2021-11-24,Nuevo Horizonte,13.0
2021-11-24,Palmawasi,17.883332000000003
2021-11-25,Nuevo Horizonte,10.0
2021-11-25,Palmawasi,19.05
2021-11-26,Nuevo Horizonte,13.0
2021-11-26,Palmawasi,18.999997999999998
2021-11-27,Nuevo Horizonte,
2021-11-27,Palmawasi,
2021-11-28,Nuevo Horizonte,
2021-11-28,Palmawasi,
2021-11-29,Nuevo Horizonte,
2021-11-29,Palmawasi,
2021-11-30,Nuevo Horizonte,
2021-11-30,Palmawasi,
2021-12-01,Nuevo Horizonte,11.0
2021-12-01,Palmawasi,19.783332
2021-12-02,Nuevo Horizonte,10.0
2021-12-02,Palmawasi,19.566664
2021-12-03,Nuevo Horizonte,9.0
2021-12-03,Palmawasi,19.0
2021-12-04,Nuevo Horizonte,
2021-12-04,Palmawasi,18.0
2021-12-05,Nuevo Horizonte,
2021-12-05,Palmawasi,
2021-12-06,Nuevo Horizonte,
2021-12-06,Palmawasi,20.283332
2021-12-07,Nuevo Horizonte,
2021-12-07,Palmawasi,19.566664
2021-12-08,Nuevo Horizonte,
2021-12-08,Palmawasi,19.68333
2021-12-09,Nuevo Horizonte,
2021-12-09,Palmawasi,20.95
2021-12-10,Nuevo Horizonte,
2021-12-10,Palmawasi,21.066666
2021-12-11,Nuevo Horizonte,
2021-12-11,Palmawasi,20.766666
2021-12-12,Nuevo Horizonte,
2021-12-12,Palmawasi,22.833332499999997
2021-12-13,Nuevo Horizonte,18.0
2021-12-13,Palmawasi,22.0
2021-12-14,Nuevo Horizonte,18.0
2021-12-14,Palmawasi,21.2
2021-12-15,Nuevo Horizonte,18.0
2021-12-15,Palmawasi,21.516664
2021-12-16,Nuevo Horizonte,18.0
2021-12-16,Palmawasi,21.699998
2021-12-17,Nuevo Horizonte,18.0
2021-12-17,Palmawasi,18.999997999999998
2021-12-18,Nuevo Horizonte,18.0
2021-12-18,Palmawasi,18.0
2021-12-19,Nuevo Horizonte,
2021-12-19,Palmawasi,
2021-12-20,Nuevo Horizonte,20.0
2021-12-20,Palmawasi,21.549998
2021-12-21,Nuevo Horizonte,20.0
2021-12-21,Palmawasi,21.133332000000003
2021-12-22,Nuevo Horizonte,21.0
2021-12-22,Palmawasi,21.066666
2021-12-23,Nuevo Horizonte,21.0
2021-12-23,Palmawasi,19.45
2021-12-24,Nuevo Horizonte,21.0
2021-12-24,Palmawasi,19.449998
2021-12-25,Nuevo Horizonte,
2021-12-25,Palmawasi,
2021-12-26,Nuevo Horizonte,
2021-12-26,Palmawasi,
2021-12-27,Nuevo Horizonte,
2021-12-27,Palmawasi,
2021-12-28,Nuevo Horizonte,
2021-12-28,Palmawasi,
2021-12-29,Nuevo Horizonte,
2021-12-29,Palmawasi,
2021-12-30,Nuevo Horizonte,
2021-12-30,Palmawasi,
2021-12-31,Nuevo Horizonte,
2021-12-31,Palmawasi,
2022-01-01,Nuevo Horizonte,
2022-01-01,Palmawasi,
2022-01-02,Nuevo Horizonte,
2022-01-02,Palmawasi,
2022-01-03,Nuevo Horizonte,17.0
2022-01-03,Palmawasi,24.333334
2022-01-03,Shanuzi,27.6
2022-01-04,Nuevo Horizonte,14.0
2022-01-04,Palmawasi,23.8
2022-01-04,Shanuzi,20.2
2022-01-05,Nuevo Horizonte,14.0
2022-01-05,Palmawasi,23.966666
2022-01-05,Shanuzi,20.2
2022-01-06,Nuevo Horizonte,10.0
2022-01-06,Palmawasi,23.966666
2022-01-06,Shanuzi,19.4
2022-01-07,Nuevo Horizonte,15.0
2022-01-07,Palmawasi,23.216666
2022-01-07,Shanuzi,19.6
2022-01-08,Nuevo Horizonte,12.0
2022-01-08,Palmawasi,22.9
2022-01-08,Shanuzi,22.0
2022-01-09,Nuevo Horizonte,
2022-01-09,Palmawasi,46.0
2022-01-09,Shanuzi,
2022-01-10,Nuevo Horizonte,13.0
2022-01-10,Palmawasi,24.35
2022-01-10,Shanuzi,20.6
2022-01-11,Nuevo Horizonte,13.0
2022-01-11,Palmawasi,23.966668
2022-01-11,Shanuzi,20.6
2022-01-12,Nuevo Horizonte,13.0
2022-01-12,Palmawasi,23.65
2022-01-12,Shanuzi,21.4
2022-01-13,Nuevo Horizonte,13.0
2022-01-13,Palmawasi,23.133333999999998
2022-01-13,Shanuzi,21.4
2022-01-14,Nuevo Horizonte,11.0
2022-01-14,Palmawasi,23.05
2022-01-14,Shanuzi,20.6
2022-01-15,Nuevo Horizonte,11.0
2022-01-15,Palmawasi,21.583334
2022-01-15,Shanuzi,20.4
2022-01-16,Nuevo Horizonte,
2022-01-16,Palmawasi,26.416666666666668
2022-01-16,Shanuzi,
2022-01-17,Nuevo Horizonte,10.0
2022-01-17,Palmawasi,22.55
2022-01-17,Shanuzi,21.8
2022-01-18,Nuevo Horizonte,12.0
2022-01-18,Palmawasi,23.95
2022-01-18,Shanuzi,21.0
2022-01-19,Nuevo Horizonte,12.0
2022-01-19,Palmawasi,22.75
2022-01-19,Shanuzi,21.0
2022-01-20,Nuevo Horizonte,10.0
2022-01-20,Palmawasi,22.366666000000002
2022-01-20,Shanuzi,20.4
2022-01-21,Nuevo Horizonte,9.0
2022-01-21,Palmawasi,22.1
2022-01-21,Shanuzi,23.0
2022-01-22,Nuevo Horizonte,9.0
2022-01-22,Palmawasi,21.666667999999998
2022-01-22,Shanuzi,18.6
2022-01-23,Nuevo Horizonte,
2022-01-23,Palmawasi,30.5625
2022-01-23,Shanuzi,18.0
2022-01-24,Nuevo Horizonte,12.0
2022-01-24,Palmawasi,22.416666
2022-01-24,Shanuzi,19.6
2022-01-25,Nuevo Horizonte,12.0
2022-01-25,Palmawasi,22.566666
2022-01-25,Shanuzi,18.6
2022-01-26,Nuevo Horizonte,12.0
2022-01-26,Palmawasi,22.4
2022-01-26,Shanuzi,18.6
2022-01-27,Nuevo Horizonte,10.0
2022-01-27,Palmawasi,21.666667999999998
2022-01-27,Shanuzi,14.25
2022-01-28,Nuevo Horizonte,12.0
2022-01-28,Palmawasi,21.033332
2022-01-28,Shanuzi,14.2
2022-01-29,Nuevo Horizonte,12.0
2022-01-29,Palmawasi,19.8
2022-01-29,Shanuzi,16.8
2022-01-30,Nuevo Horizonte,
2022-01-30,Palmawasi,29.833333333333332
2022-01-30,Shanuzi,17.0
2022-01-31,Nuevo Horizonte,13.0
2022-01-31,Palmawasi,20.916666
2022-01-31,Shanuzi,16.4
2022-02-01,Nuevo Horizonte,13.0
2022-02-01,Palmawasi,20.5
2022-02-01,Shanuzi,15.2
2022-02-02,Nuevo Horizonte,13.0
2022-02-02,Palmawasi,18.666667999999998
2022-02-02,Shanuzi,13.4
2022-02-03,Nuevo Horizonte,13.0
2022-02-03,Palmawasi,19.35
2022-02-03,Shanuzi,12.8
2022-02-04,Nuevo Horizonte,13.0
2022-02-04,Palmawasi,18.4
2022-02-04,Shanuzi,12.6
2022-02-05,Nuevo Horizonte,12.0
2022-02-05,Palmawasi,17.983334
2022-02-05,Shanuzi,13.25
2022-02-06,Nuevo Horizonte,
2022-02-06,Palmawasi,
2022-02-06,Shanuzi,
2022-02-07,Nuevo Horizonte,10.0
2022-02-07,Palmawasi,18.416666
2022-02-07,Shanuzi,14.5
2022-02-08,Nuevo Horizonte,14.0
2022-02-08,Palmawasi,18.8
2022-02-08,Shanuzi,12.8
2022-02-09,Nuevo Horizonte,14.0
2022-02-09,Palmawasi,18.166666
2022-02-09,Shanuzi,15.8
2022-02-10,Nuevo Horizonte,14.0
2022-02-10,Palmawasi,17.3
2022-02-10,Shanuzi,15.6
2022-02-11,Nuevo Horizonte,13.0
2022-02-11,Palmawasi,17.1
2022-02-11,Shanuzi,15.6
2022-02-12,Nuevo Horizonte,13.0
2022-02-12,Palmawasi,16.683334
2022-02-12,Shanuzi,15.2
2022-02-13,Nuevo Horizonte,
2022-02-13,Palmawasi,
2022-02-13,Shanuzi,14.8
2022-02-14,Nuevo Horizonte,14.0
2022-02-14,Palmawasi,17.016666
2022-02-14,Shanuzi,16.0
2022-02-15,Nuevo Horizonte,14.0
2022-02-15,Palmawasi,17.699998
2022-02-15,Shanuzi,16.2
2022-02-16,Nuevo Horizonte,14.0
2022-02-16,Palmawasi,17.7
2022-02-16,Shanuzi,16.2
2022-02-17,Nuevo Horizonte,10.0
2022-02-17,Palmawasi,17.033334
2022-02-17,Shanuzi,16.0
2022-02-18,Nuevo Horizonte,12.0
2022-02-18,Palmawasi,16.3
2022-02-18,Shanuzi,16.0
2022-02-19,Nuevo Horizonte,10.0
2022-02-19,Palmawasi,15.933332000000002
2022-02-19,Shanuzi,15.8
2022-02-20,Nuevo Horizonte,
2022-02-20,Palmawasi,22.0
2022-02-20,Shanuzi,
2022-02-21,Nuevo Horizonte,12.0
2022-02-21,Palmawasi,17.8
2022-02-21,Shanuzi,17.0
2022-02-22,Nuevo Horizonte,12.0
2022-02-22,Palmawasi,17.85
2022-02-22,Shanuzi,16.8
2022-02-23,Nuevo Horizonte,12.0
2022-02-23,Palmawasi,17.383333999999998
2022-02-23,Shanuzi,16.4
2022-02-24,Nuevo Horizonte,11.0
2022-02-24,Palmawasi,16.8
2022-02-24,Shanuzi,16.4
2022-02-25,Nuevo Horizonte,10.0
2022-02-25,Palmawasi,16.183334
2022-02-25,Shanuzi,16.4
2022-02-26,Nuevo Horizonte,10.0
2022-02-26,Palmawasi,15.016666
2022-02-26,Shanuzi,15.6
2022-02-27,Nuevo Horizonte,
2022-02-27,Palmawasi,
2022-02-27,Shanuzi,
2022-02-28,Nuevo Horizonte,10.0
2022-02-28,Palmawasi,15.6
2022-02-28,Shanuzi,15.3
2022-03-01,Nuevo Horizonte,11.0
2022-03-01,Palmawasi,15.583333999999999
2022-03-01,Shanuzi,15.4
2022-03-02,Nuevo Horizonte,11.0
2022-03-02,Palmawasi,15.083333999999999
2022-03-02,Shanuzi,15.2
2022-03-03,Nuevo Horizonte,12.0
2022-03-03,Palmawasi,16.2
2022-03-03,Shanuzi,14.8
2022-03-04,Nuevo Horizonte,11.0
2022-03-04,Palmawasi,14.35
2022-03-04,Shanuzi,14.7
2022-03-05,Nuevo Horizonte,12.0
2022-03-05,Palmawasi,14.25
2022-03-05,Shanuzi,
2022-03-06,Nuevo Horizonte,
2022-03-06,Palmawasi,
2022-03-06,Shanuzi,
2022-03-07,Nuevo Horizonte,13.0
2022-03-07,Palmawasi,15.35
2022-03-07,Shanuzi,
2022-03-08,Nuevo Horizonte,13.0
2022-03-08,Palmawasi,15.2
2022-03-08,Shanuzi,
2022-03-09,Nuevo Horizonte,13.0
2022-03-09,Palmawasi,15.25
2022-03-09,Shanuzi,19.7
2022-03-10,Nuevo Horizonte,10.0
2022-03-10,Palmawasi,14.5
2022-03-10,Shanuzi,19.1
2022-03-11,Nuevo Horizonte,14.0
2022-03-11,Palmawasi,14.85
2022-03-11,Shanuzi,18.6
2022-03-12,Nuevo Horizonte,14.0
2022-03-12,Palmawasi,19.85
2022-03-12,Shanuzi,18.0
2022-03-13,Nuevo Horizonte,
2022-03-13,Palmawasi,
2022-03-13,Shanuzi,
2022-03-14,Nuevo Horizonte,16.0
2022-03-14,Palmawasi,16.0
2022-03-14,Shanuzi,18.7
2022-03-15,Nuevo Horizonte,17.0
2022-03-15,Palmawasi,16.1
2022-03-15,Shanuzi,19.0
2022-03-16,Nuevo Horizonte,15.0
2022-03-16,Palmawasi,15.75
2022-03-16,Shanuzi,18.8
2022-03-17,Nuevo Horizonte,15.0
2022-03-17,Palmawasi,15.6
2022-03-17,Shanuzi,18.7
2022-03-18,Nuevo Horizonte,15.0
2022-03-18,Palmawasi,14.35
2022-03-18,Shanuzi,19.4
2022-03-19,Nuevo Horizonte,14.0
2022-03-19,Palmawasi,14.7
2022-03-19,Shanuzi,19.4
2022-03-20,Nuevo Horizonte,
2022-03-20,Palmawasi,
2022-03-20,Shanuzi,19.75
2022-03-21,Nuevo Horizonte,10.0
2022-03-21,Palmawasi,15.781666000000001
2022-03-21,Shanuzi,20.0
2022-03-22,Nuevo Horizonte,15.0
2022-03-22,Palmawasi,15.483334
2022-03-22,Shanuzi,20.3
2022-03-23,Nuevo Horizonte,15.0
2022-03-23,Palmawasi,15.6
2022-03-23,Shanuzi,19.5
2022-03-24,Nuevo Horizonte,16.0
2022-03-24,Palmawasi,14.85
2022-03-24,Shanuzi,19.0
2022-03-25,Nuevo Horizonte,16.0
2022-03-25,Palmawasi,14.95
2022-03-25,Shanuzi,18.6
2022-03-26,Nuevo Horizonte,15.0
2022-03-26,Palmawasi,14.083333999999999
2022-03-26,Shanuzi,17.3
2022-03-27,Nuevo Horizonte,
2022-03-27,Palmawasi,
2022-03-27,Shanuzi,19.2
2022-03-28,Nuevo Horizonte,14.0
2022-03-28,Palmawasi,15.366666
2022-03-28,Shanuzi,17.2
2022-03-29,Nuevo Horizonte,14.0
2022-03-29,Palmawasi,15.116666
2022-03-29,Shanuzi,16.6
2022-03-30,Nuevo Horizonte,15.0
2022-03-30,Palmawasi,14.6
2022-03-30,Shanuzi,14.8
2022-03-31,Nuevo Horizonte,15.0
2022-03-31,Palmawasi,14.3
2022-03-31,Shanuzi,14.2
2022-04-01,Nuevo Horizonte,10.0
2022-04-01,Palmawasi,14.183333999999999
2022-04-01,Shanuzi,14.2
2022-04-02,Nuevo Horizonte,16.0
2022-04-02,Palmawasi,13.55
2022-04-02,Shanuzi,11.8
2022-04-03,Nuevo Horizonte,
2022-04-03,Palmawasi,
2022-04-03,Shanuzi,
2022-04-04,Nuevo Horizonte,17.0
2022-04-04,Palmawasi,14.566666000000001
2022-04-04,Shanuzi,13.2
2022-04-05,Nuevo Horizonte,17.0
2022-04-05,Palmawasi,14.583333999999999
2022-04-05,Shanuzi,15.0
2022-04-06,Nuevo Horizonte,16.0
2022-04-06,Palmawasi,14.333333999999999
2022-04-06,Shanuzi,17.4
2022-04-07,Nuevo Horizonte,15.0
2022-04-07,Palmawasi,14.2
2022-04-07,Shanuzi,17.2
2022-04-08,Nuevo Horizonte,15.0
2022-04-08,Palmawasi,13.75
2022-04-08,Shanuzi,16.2
2022-04-09,Nuevo Horizonte,15.0
2022-04-09,Palmawasi,13.533334
2022-04-09,Shanuzi,15.2
2022-04-10,Nuevo Horizonte,
2022-04-10,Palmawasi,
2022-04-10,Shanuzi,14.0
2022-04-11,Nuevo Horizonte,10.0
2022-04-11,Palmawasi,14.516666
2022-04-11,Shanuzi,15.8
2022-04-12,Nuevo Horizonte,17.0
2022-04-12,Palmawasi,14.2
2022-04-12,Shanuzi,16.0
2022-04-13,Nuevo Horizonte,16.0
2022-04-13,Palmawasi,14.083333999999999
2022-04-13,Shanuzi,15.2
2022-04-14,Nuevo Horizonte,16.0
2022-04-14,Palmawasi,13.566666000000001
2022-04-14,Shanuzi,14.8
2022-04-15,Nuevo Horizonte,
2022-04-15,Palmawasi,
2022-04-15,Shanuzi,
2022-04-16,Nuevo Horizonte,
2022-04-16,Palmawasi,
2022-04-16,Shanuzi,
2022-04-17,Nuevo Horizonte,
2022-04-17,Palmawasi,
2022-04-17,Shanuzi,
2022-04-18,Nuevo Horizonte,19.0
2022-04-18,Palmawasi,16.466666
2022-04-18,Shanuzi,18.2
2022-04-19,Nuevo Horizonte,19.0
2022-04-19,Palmawasi,16.583334
2022-04-19,Shanuzi,17.4
2022-04-20,Nuevo Horizonte,19.0
2022-04-20,Palmawasi,16.316666
2022-04-20,Shanuzi,15.8
2022-04-21,Nuevo Horizonte,10.0
2022-04-21,Palmawasi,16.166666
2022-04-21,Shanuzi,15.4
2022-04-22,Nuevo Horizonte,17.0
2022-04-22,Palmawasi,15.983332
2022-04-22,Shanuzi,14.6
2022-04-23,Nuevo Horizonte,17.0
2022-04-23,Palmawasi,15.683332000000002
2022-04-23,Shanuzi,13.6
2022-04-24,Nuevo Horizonte,
2022-04-24,Palmawasi,
2022-04-24,Shanuzi,14.0
2022-04-25,Nuevo Horizonte,17.0
2022-04-25,Palmawasi,16.7
2022-04-25,Shanuzi,14.4
2022-04-26,Nuevo Horizonte,18.0
2022-04-26,Palmawasi,16.7
2022-04-26,Shanuzi,12.4
2022-04-27,Nuevo Horizonte,18.0
2022-04-27,Palmawasi,16.65
2022-04-27,Shanuzi,12.0
2022-04-28,Nuevo Horizonte,15.0
2022-04-28,Palmawasi,16.433334
2022-04-28,Shanuzi,11.4
2022-04-29,Nuevo Horizonte,12.0
2022-04-29,Palmawasi,15.533334
2022-04-29,Shanuzi,11.0
2022-04-30,Nuevo Horizonte,
2022-04-30,Palmawasi,
2022-04-30,Shanuzi,11.4
2022-05-01,Nuevo Horizonte,
2022-05-01,Palmawasi,
2022-05-01,Shanuzi,
2022-05-02,Nuevo Horizonte,8.0
2022-05-02,Palmawasi,17.65
2022-05-02,Shanuzi,12.6
2022-05-03,Nuevo Horizonte,15.0
2022-05-03,Palmawasi,16.55
2022-05-03,Shanuzi,11.8
2022-05-04,Nuevo Horizonte,14.0
2022-05-04,Palmawasi,15.95
2022-05-04,Shanuzi,11.2
2022-05-05,Nuevo Horizonte,14.0
2022-05-05,Palmawasi,16.0
2022-05-05,Shanuzi,11.2
2022-05-06,Nuevo Horizonte,13.0
2022-05-06,Palmawasi,15.9
2022-05-06,Shanuzi,10.8
2022-05-07,Nuevo Horizonte,12.0
2022-05-07,Palmawasi,15.8
2022-05-07,Shanuzi,11.666666666666666
2022-05-08,Nuevo Horizonte,
2022-05-08,Palmawasi,
2022-05-08,Shanuzi,
2022-05-09,Nuevo Horizonte,13.0
2022-05-09,Palmawasi,16.9
2022-05-09,Shanuzi,12.2
2022-05-10,Nuevo Horizonte,13.0
2022-05-10,Palmawasi,16.833334
2022-05-10,Shanuzi,12.2
2022-05-11,Nuevo Horizonte,13.0
2022-05-11,Palmawasi,16.583334
2022-05-11,Shanuzi,12.4
2022-05-12,Nuevo Horizonte,10.0
2022-05-12,Palmawasi,16.416666
2022-05-12,Shanuzi,12.4
2022-05-13,Nuevo Horizonte,14.0
2022-05-13,Palmawasi,16.166666
2022-05-13,Shanuzi,12.0
2022-05-14,Nuevo Horizonte,11.0
2022-05-14,Palmawasi,15.3
2022-05-14,Shanuzi,11.2
2022-05-15,Nuevo Horizonte,
2022-05-15,Palmawasi,
2022-05-15,Shanuzi,
2022-05-16,Nuevo Horizonte,13.0
2022-05-16,Palmawasi,16.416666
2022-05-16,Shanuzi,12.0
2022-05-17,Nuevo Horizonte,13.0
2022-05-17,Palmawasi,15.983334
2022-05-17,Shanuzi,11.6
2022-05-18,Nuevo Horizonte,13.0
2022-05-18,Palmawasi,15.716666
2022-05-18,Shanuzi,12.2
2022-05-19,Nuevo Horizonte,13.0
2022-05-19,Palmawasi,15.4
2022-05-19,Shanuzi,10.6
2022-05-20,Nuevo Horizonte,13.0
2022-05-20,Palmawasi,15.316667999999998
2022-05-20,Shanuzi,10.6
2022-05-21,Nuevo Horizonte,12.0
2022-05-21,Palmawasi,13.4
2022-05-21,Shanuzi,10.8
2022-05-22,Nuevo Horizonte,
2022-05-22,Palmawasi,
2022-05-22,Shanuzi,
2022-05-23,Nuevo Horizonte,10.0
2022-05-23,Palmawasi,15.716666
2022-05-23,Shanuzi,11.4
2022-05-24,Nuevo Horizonte,14.0
2022-05-24,Palmawasi,15.783334
2022-05-24,Shanuzi,11.2
2022-05-25,Nuevo Horizonte,14.0
2022-05-25,Palmawasi,15.3
2022-05-25,Shanuzi,11.2
2022-05-26,Nuevo Horizonte,13.0
2022-05-26,Palmawasi,15.25
2022-05-26,Shanuzi,11.2
2022-05-27,Nuevo Horizonte,13.0
2022-05-27,Palmawasi,15.1
2022-05-27,Shanuzi,10.0
2022-05-28,Nuevo Horizonte,13.0
2022-05-28,Palmawasi,14.833333999999999
2022-05-28,Shanuzi,9.6
2022-05-29,Nuevo Horizonte,
2022-05-29,Palmawasi,
2022-05-29,Shanuzi,
2022-05-30,Nuevo Horizonte,14.0
2022-05-30,Palmawasi,15.483334
2022-05-30,Shanuzi,10.2
2022-05-31,Nuevo Horizonte,13.0
2022-05-31,Palmawasi,15.216666
2022-05-31,Shanuzi,10.2
2022-06-01,Nuevo Horizonte,12.0
2022-06-01,Palmawasi,15.433332000000002
2022-06-01,Shanuzi,10.0
2022-06-02,Nuevo Horizonte,10.0
2022-06-02,Palmawasi,15.233334
2022-06-02,Shanuzi,9.4
2022-06-03,Nuevo Horizonte,13.0
2022-06-03,Palmawasi,15.3
2022-06-03,Shanuzi,9.0
2022-06-04,Nuevo Horizonte,13.0
2022-06-04,Palmawasi,14.233332
2022-06-04,Shanuzi,
2022-06-05,Nuevo Horizonte,
2022-06-05,Palmawasi,16.0
2022-06-05,Shanuzi,
2022-06-06,Nuevo Horizonte,14.0
2022-06-06,Palmawasi,16.233332
2022-06-06,Shanuzi,
2022-06-07,Nuevo Horizonte,13.0
2022-06-07,Palmawasi,16.05
2022-06-07,Shanuzi,12.4
2022-06-08,Nuevo Horizonte,13.0
2022-06-08,Palmawasi,15.7
2022-06-08,Shanuzi,12.2
2022-06-09,Nuevo Horizonte,13.0
2022-06-09,Palmawasi,15.383334
2022-06-09,Shanuzi,12.0
2022-06-10,Nuevo Horizonte,14.0
2022-06-10,Palmawasi,15.25
2022-06-10,Shanuzi,11.8
2022-06-11,Nuevo Horizonte,13.0
2022-06-11,Palmawasi,14.8
2022-06-11,Shanuzi,11.4
2022-06-12,Nuevo Horizonte,
2022-06-12,Palmawasi,
2022-06-12,Shanuzi,
2022-06-13,Nuevo Horizonte,10.0
2022-06-13,Palmawasi,15.866666
2022-06-13,Shanuzi,12.2
2022-06-14,Nuevo Horizonte,15.0
2022-06-14,Palmawasi,16.05
2022-06-14,Shanuzi,12.2
2022-06-15,Nuevo Horizonte,15.0
2022-06-15,Palmawasi,16.0
2022-06-15,Shanuzi,12.6
2022-06-16,Nuevo Horizonte,15.0
2022-06-16,Palmawasi,15.533334
2022-06-16,Shanuzi,12.8
2022-06-17,Nuevo Horizonte,15.0
2022-06-17,Palmawasi,15.233334
2022-06-17,Shanuzi,12.6
2022-06-18,Nuevo Horizonte,14.0
2022-06-18,Palmawasi,15.166666000000001
2022-06-18,Shanuzi,12.2
2022-06-19,Nuevo Horizonte,
2022-06-19,Palmawasi,
2022-06-19,Shanuzi,
2022-06-20,Nuevo Horizonte,15.0
2022-06-20,Palmawasi,15.433333999999999
2022-06-20,Shanuzi,12.6
2022-06-21,Nuevo Horizonte,14.0
2022-06-21,Palmawasi,15.066667999999998
2022-06-21,Shanuzi,12.6
2022-06-22,Nuevo Horizonte,14.0
2022-06-22,Palmawasi,14.883334
2022-06-22,Shanuzi,11.2
2022-06-23,Nuevo Horizonte,14.0
2022-06-23,Palmawasi,14.916666000000001
2022-06-23,Shanuzi,11.6
2022-06-24,Nuevo Horizonte,10.0
2022-06-24,Palmawasi,14.85
2022-06-24,Shanuzi,10.6
2022-06-25,Nuevo Horizonte,
2022-06-25,Palmawasi,
2022-06-25,Shanuzi,10.0
2022-06-26,Nuevo Horizonte,
2022-06-26,Palmawasi,
2022-06-26,Shanuzi,
2022-06-27,Nuevo Horizonte,14.0
2022-06-27,Palmawasi,16.733332
2022-06-27,Shanuzi,11.0
2022-06-28,Nuevo Horizonte,14.0
2022-06-28,Palmawasi,15.833332000000002
2022-06-28,Shanuzi,10.2
2022-06-29,Nuevo Horizonte,13.0
2022-06-29,Palmawasi,15.316666000000001
2022-06-29,Shanuzi,10.2
2022-06-30,Nuevo Horizonte,13.0
2022-06-30,Palmawasi,15.016666
2022-06-30,Shanuzi,9.2
2022-07-01,Nuevo Horizonte,11.0
2022-07-01,Palmawasi,14.614666
2022-07-01,Shanuzi,8.6
2022-07-02,Nuevo Horizonte,11.0
2022-07-02,Palmawasi,14.166667999999998
2022-07-02,Shanuzi,
2022-07-03,Nuevo Horizonte,
2022-07-03,Palmawasi,15.0
2022-07-03,Shanuzi,
2022-07-04,Nuevo Horizonte,10.0
2022-07-04,Palmawasi,15.016666
2022-07-04,Shanuzi,
2022-07-05,Nuevo Horizonte,13.0
2022-07-05,Palmawasi,14.666666000000001
2022-07-05,Shanuzi,11.8
2022-07-06,Nuevo Horizonte,13.0
2022-07-06,Palmawasi,14.614666
2022-07-06,Shanuzi,11.6
2022-07-07,Nuevo Horizonte,10.0
2022-07-07,Palmawasi,13.866666
2022-07-07,Shanuzi,11.4
2022-07-08,Nuevo Horizonte,10.0
2022-07-08,Palmawasi,13.883332000000001
2022-07-08,Shanuzi,11.0
2022-07-09,Nuevo Horizonte,10.0
2022-07-09,Palmawasi,13.233334
2022-07-09,Shanuzi,11.4
2022-07-10,Nuevo Horizonte,
2022-07-10,Palmawasi,
2022-07-10,Shanuzi,
2022-07-11,Nuevo Horizonte,12.0
2022-07-11,Palmawasi,14.35
2022-07-11,Shanuzi,12.4
2022-07-12,Nuevo Horizonte,12.0
2022-07-12,Palmawasi,13.95
2022-07-12,Shanuzi,12.2
2022-07-13,Nuevo Horizonte,12.0
2022-07-13,Palmawasi,13.616666
2022-07-13,Shanuzi,12.0
2022-07-14,Nuevo Horizonte,10.0
2022-07-14,Palmawasi,13.516666
2022-07-14,Shanuzi,11.6
2022-07-15,Nuevo Horizonte,13.0
2022-07-15,Palmawasi,13.35
2022-07-15,Shanuzi,10.6
2022-07-16,Nuevo Horizonte,12.0
2022-07-16,Palmawasi,13.266666
2022-07-16,Shanuzi,9.6
2022-07-17,Nuevo Horizonte,
2022-07-17,Palmawasi,
2022-07-17,Shanuzi,
2022-07-18,Nuevo Horizonte,13.0
2022-07-18,Palmawasi,14.683333999999999
2022-07-18,Shanuzi,11.2
2022-07-19,Nuevo Horizonte,13.0
2022-07-19,Palmawasi,14.433333999999999
2022-07-19,Shanuzi,11.4
2022-07-20,Nuevo Horizonte,13.0
2022-07-20,Palmawasi,13.933333999999999
2022-07-20,Shanuzi,10.8
2022-07-21,Nuevo Horizonte,13.0
2022-07-21,Palmawasi,14.116666
2022-07-21,Shanuzi,10.8
2022-07-22,Nuevo Horizonte,13.0
2022-07-22,Palmawasi,13.65
2022-07-22,Shanuzi,11.0
2022-07-23,Nuevo Horizonte,12.0
2022-07-23,Palmawasi,13.25
2022-07-23,Shanuzi,10.4
2022-07-24,Nuevo Horizonte,
2022-07-24,Palmawasi,12.0
2022-07-24,Shanuzi,
2022-07-25,Nuevo Horizonte,11.0
2022-07-25,Palmawasi,14.433333999999999
2022-07-25,Shanuzi,11.8
2022-07-26,Nuevo Horizonte,14.0
2022-07-26,Palmawasi,13.65
2022-07-26,Shanuzi,11.6
2022-07-27,Nuevo Horizonte,14.0
2022-07-27,Palmawasi,13.45
2022-07-27,Shanuzi,11.6
2022-07-28,Nuevo Horizonte,13.0
2022-07-28,Palmawasi,13.4
2022-07-28,Shanuzi,11.2
2022-07-29,Nuevo Horizonte,
2022-07-29,Palmawasi,13.8
2022-07-29,Shanuzi,11.0
2022-07-30,Nuevo Horizonte,
2022-07-30,Palmawasi,13.0
2022-07-30,Shanuzi,9.8
2022-07-31,Nuevo Horizonte,
2022-07-31,Palmawasi,
2022-07-31,Shanuzi,
2022-08-01,Shanuzi,10.8
2022-08-02,Shanuzi,10.4
2022-08-03,Shanuzi,10.6
2022-08-04,Shanuzi,10.6
2022-08-05,Shanuzi,10.2
2022-08-06,Shanuzi,
2022-08-07,Shanuzi,
2022-08-08,Shanuzi,
2022-08-09,Shanuzi,12.0
2022-08-10,Shanuzi,12.4
2022-08-11,Shanuzi,12.8
2022-08-12,Shanuzi,12.8
2022-08-13,Shanuzi,12.8
2022-08-14,Shanuzi,13.5
2022-08-15,Shanuzi,13.4
2022-08-16,Shanuzi,13.8
2022-08-17,Shanuzi,13.8
2022-08-18,Shanuzi,14.0
2022-08-19,Shanuzi,13.8
2022-08-20,Shanuzi,13.8
2022-08-21,Shanuzi,14.0
2022-08-22,Shanuzi,14.2
2022-08-23,Shanuzi,15.0
2022-08-24,Shanuzi,14.4
2022-08-25,Shanuzi,14.6
2022-08-26,Shanuzi,15.0
2022-08-27,Shanuzi,14.8
2022-08-28,Shanuzi,15.75
2022-08-29,Shanuzi,16.2
2022-08-30,Shanuzi,16.6
2022-08-31,Shanuzi,13.4
2022-09-01,Nuevo Horizonte,10.0
2022-09-01,Palmawasi,13.133334
2022-09-01,Shanuzi,16.0
2022-09-02,Nuevo Horizonte,10.0
2022-09-02,Palmawasi,13.216666
2022-09-02,Shanuzi,15.6
2022-09-03,Nuevo Horizonte,10.0
2022-09-03,Palmawasi,12.85
2022-09-03,Shanuzi,
2022-09-04,Nuevo Horizonte,
2022-09-04,Palmawasi,13.25
2022-09-04,Shanuzi,
2022-09-05,Nuevo Horizonte,10.0
2022-09-05,Palmawasi,14.316666000000001
2022-09-05,Shanuzi,19.4
2022-09-06,Nuevo Horizonte,12.0
2022-09-06,Palmawasi,14.2
2022-09-06,Shanuzi,20.0
2022-09-07,Nuevo Horizonte,12.0
2022-09-07,Palmawasi,13.65
2022-09-07,Shanuzi,21.0
2022-09-08,Nuevo Horizonte,12.0
2022-09-08,Palmawasi,13.183333999999999
2022-09-08,Shanuzi,21.6
2022-09-09,Nuevo Horizonte,11.0
2022-09-09,Palmawasi,13.083333999999999
2022-09-09,Shanuzi,21.6
2022-09-10,Nuevo Horizonte,11.0
2022-09-10,Palmawasi,12.6
2022-09-10,Shanuzi,21.6
2022-09-11,Nuevo Horizonte,
2022-09-11,Palmawasi,12.0
2022-09-11,Shanuzi,21.4
2022-09-12,Nuevo Horizonte,12.0
2022-09-12,Palmawasi,13.683333999999999
2022-09-12,Shanuzi,22.2
2022-09-13,Nuevo Horizonte,12.0
2022-09-13,Palmawasi,13.85
2022-09-13,Shanuzi,21.4
2022-09-14,Nuevo Horizonte,12.0
2022-09-14,Palmawasi,13.55
2022-09-14,Shanuzi,21.6
2022-09-15,Nuevo Horizonte,10.0
2022-09-15,Palmawasi,13.133332000000001
2022-09-15,Shanuzi,21.4
2022-09-16,Nuevo Horizonte,10.0
2022-09-16,Palmawasi,13.233332
2022-09-16,Shanuzi,20.8
2022-09-17,Nuevo Horizonte,10.0
2022-09-17,Palmawasi,12.55
2022-09-17,Shanuzi,20.8
2022-09-18,Nuevo Horizonte,
2022-09-18,Palmawasi,12.5
2022-09-18,Shanuzi,26.5
2022-09-19,Nuevo Horizonte,11.0
2022-09-19,Palmawasi,14.6
2022-09-19,Shanuzi,20.8
2022-09-20,Nuevo Horizonte,12.0
2022-09-20,Palmawasi,14.216666
2022-09-20,Shanuzi,20.8
2022-09-21,Nuevo Horizonte,12.0
2022-09-21,Palmawasi,13.55
2022-09-21,Shanuzi,20.2
2022-09-22,Nuevo Horizonte,12.0
2022-09-22,Palmawasi,13.6
2022-09-22,Shanuzi,20.4
2022-09-23,Nuevo Horizonte,12.0
2022-09-23,Palmawasi,13.0
2022-09-23,Shanuzi,20.6
2022-09-24,Nuevo Horizonte,12.0
2022-09-24,Palmawasi,13.066666000000001
2022-09-24,Shanuzi,19.8
2022-09-25,Nuevo Horizonte,
2022-09-25,Palmawasi,15.0
2022-09-25,Shanuzi,23.0
2022-09-26,Nuevo Horizonte,10.0
2022-09-26,Palmawasi,14.266666
2022-09-26,Shanuzi,17.2
2022-09-27,Nuevo Horizonte,14.0
2022-09-27,Palmawasi,13.883332000000001
2022-09-27,Shanuzi,20.2
2022-09-28,Nuevo Horizonte,14.0
2022-09-28,Palmawasi,13.633332000000001
2022-09-28,Shanuzi,20.6
2022-09-29,Nuevo Horizonte,14.0
2022-09-29,Palmawasi,13.466666
2022-09-29,Shanuzi,20.4
2022-09-30,Nuevo Horizonte,14.0
2022-09-30,Palmawasi,13.416666000000001
2022-09-30,Shanuzi,20.4
2022-10-01,Nuevo Horizonte,14.0
2022-10-01,Palmawasi,13.35
2022-10-01,Shanuzi,20.6
2022-10-02,Nuevo Horizonte,
2022-10-02,Palmawasi,
2022-10-02,Shanuzi,22.0
2022-10-03,Nuevo Horizonte,14.0
2022-10-03,Palmawasi,15.0
2022-10-03,Shanuzi,21.2
2022-10-04,Nuevo Horizonte,14.0
2022-10-04,Palmawasi,14.85
2022-10-04,Shanuzi,21.0
2022-10-05,Nuevo Horizonte,14.0
2022-10-05,Palmawasi,14.666667999999998
2022-10-05,Shanuzi,21.0
2022-10-06,Nuevo Horizonte,14.0
2022-10-06,Palmawasi,14.433333999999999
2022-10-06,Shanuzi,16.4
2022-10-07,Nuevo Horizonte,11.0
2022-10-07,Palmawasi,14.333333999999999
2022-10-07,Shanuzi,21.0
2022-10-08,Nuevo Horizonte,14.0
2022-10-08,Palmawasi,14.6
2022-10-08,Shanuzi,
2022-10-09,Nuevo Horizonte,
2022-10-09,Palmawasi,15.0
2022-10-09,Shanuzi,
2022-10-10,Nuevo Horizonte,13.0
2022-10-10,Palmawasi,15.966666
2022-10-10,Shanuzi,21.4
2022-10-11,Nuevo Horizonte,13.0
2022-10-11,Palmawasi,16.0
2022-10-11,Shanuzi,25.6
2022-10-12,Nuevo Horizonte,12.0
2022-10-12,Palmawasi,15.866666
2022-10-12,Shanuzi,25.6
2022-10-13,Nuevo Horizonte,12.0
2022-10-13,Palmawasi,15.466666
2022-10-13,Shanuzi,26.2
2022-10-14,Nuevo Horizonte,11.0
2022-10-14,Palmawasi,15.333333999999999
2022-10-14,Shanuzi,25.8
2022-10-15,Nuevo Horizonte,
2022-10-15,Palmawasi,
2022-10-15,Shanuzi,25.6
2022-10-16,Nuevo Horizonte,
2022-10-16,Palmawasi,
2022-10-16,Shanuzi,25.25
2022-10-17,Nuevo Horizonte,10.0
2022-10-17,Palmawasi,17.833334
2022-10-17,Shanuzi,27.0
2022-10-18,Nuevo Horizonte,12.0
2022-10-18,Palmawasi,17.65
2022-10-18,Shanuzi,27.0
2022-10-19,Nuevo Horizonte,10.0
2022-10-19,Palmawasi,17.35
2022-10-19,Shanuzi,26.4
2022-10-20,Nuevo Horizonte,9.0
2022-10-20,Palmawasi,17.016666
2022-10-20,Shanuzi,26.0
2022-10-21,Nuevo Horizonte,9.0
2022-10-21,Palmawasi,17.25
2022-10-21,Shanuzi,26.4
2022-10-22,Nuevo Horizonte,9.0
2022-10-22,Palmawasi,16.766668
2022-10-22,Shanuzi,28.2
2022-10-23,Nuevo Horizonte,
2022-10-23,Palmawasi,16.75
2022-10-23,Shanuzi,
2022-10-24,Nuevo Horizonte,11.0
2022-10-24,Palmawasi,17.233332
2022-10-24,Shanuzi,29.4
2022-10-25,Nuevo Horizonte,
2022-10-25,Palmawasi,16.966666
2022-10-25,Shanuzi,31.5
2022-10-26,Nuevo Horizonte,10.0
2022-10-26,Palmawasi,16.566668
2022-10-26,Shanuzi,31.5
2022-10-27,Nuevo Horizonte,10.0
2022-10-27,Palmawasi,15.783334
2022-10-27,Shanuzi,30.4
2022-10-28,Nuevo Horizonte,
2022-10-28,Palmawasi,15.516668
2022-10-28,Shanuzi,30.4
2022-10-29,Nuevo Horizonte,
2022-10-29,Palmawasi,14.933333999999999
2022-10-29,Shanuzi,29.4
2022-10-30,Nuevo Horizonte,
2022-10-30,Palmawasi,15.0
2022-10-30,Shanuzi,28.8
2022-10-31,Nuevo Horizonte,18.0
2022-10-31,Palmawasi,16.016666
2022-10-31,Shanuzi,30.6
2022-11-01,Nuevo Horizonte,16.0
2022-11-01,Palmawasi,15.6
2022-11-01,Shanuzi,29.6
2022-11-02,Nuevo Horizonte,16.0
2022-11-02,Palmawasi,14.833333999999999
2022-11-02,Shanuzi,30.2
2022-11-03,Nuevo Horizonte,15.0
2022-11-03,Palmawasi,14.433333999999999
2022-11-03,Shanuzi,30.2
2022-11-04,Nuevo Horizonte,15.0
2022-11-04,Palmawasi,14.466667999999999
2022-11-04,Shanuzi,29.8
2022-11-05,Nuevo Horizonte,
2022-11-05,Palmawasi,14.25
2022-11-05,Shanuzi,
2022-11-06,Nuevo Horizonte,
2022-11-06,Palmawasi,
2022-11-06,Shanuzi,
2022-11-07,Nuevo Horizonte,10.0
2022-11-07,Palmawasi,16.4
2022-11-07,Shanuzi,32.6
2022-11-08,Nuevo Horizonte,19.0
2022-11-08,Palmawasi,16.283334
2022-11-08,Shanuzi,33.4
2022-11-09,Nuevo Horizonte,19.0
2022-11-09,Palmawasi,15.816667999999998
2022-11-09,Shanuzi,33.8
2022-11-10,Nuevo Horizonte,19.0
2022-11-10,Palmawasi,15.883334
2022-11-10,Shanuzi,33.2
2022-11-11,Nuevo Horizonte,11.0
2022-11-11,Palmawasi,15.85
2022-11-11,Shanuzi,34.0
2022-11-12,Nuevo Horizonte,11.0
2022-11-12,Palmawasi,15.683333999999999
2022-11-12,Shanuzi,34.0
2022-11-13,Nuevo Horizonte,
2022-11-13,Palmawasi,15.5
2022-11-13,Shanuzi,34.6
2022-11-14,Nuevo Horizonte,12.0
2022-11-14,Palmawasi,16.016666
2022-11-14,Shanuzi,28.0
2022-11-15,Nuevo Horizonte,12.0
2022-11-15,Palmawasi,16.316666
2022-11-15,Shanuzi,34.6
2022-11-16,Nuevo Horizonte,12.0
2022-11-16,Palmawasi,16.25
2022-11-16,Shanuzi,34.8
2022-11-17,Nuevo Horizonte,10.0
2022-11-17,Palmawasi,16.083334
2022-11-17,Shanuzi,34.8
2022-11-18,Nuevo Horizonte,9.0
2022-11-18,Palmawasi,16.05
2022-11-18,Shanuzi,35.0
2022-11-19,Nuevo Horizonte,8.0
2022-11-19,Palmawasi,15.600002
2022-11-19,Shanuzi,34.8
2022-11-20,Nuevo Horizonte,
2022-11-20,Palmawasi,15.388889999999998
2022-11-20,Shanuzi,37.75
2022-11-21,Nuevo Horizonte,10.0
2022-11-21,Palmawasi,16.3
2022-11-21,Shanuzi,35.0
2022-11-22,Nuevo Horizonte,9.0
2022-11-22,Palmawasi,16.4
2022-11-22,Shanuzi,35.0
2022-11-23,Nuevo Horizonte,8.0
2022-11-23,Palmawasi,16.083334
2022-11-23,Shanuzi,35.0
2022-11-24,Nuevo Horizonte,8.0
2022-11-24,Palmawasi,15.483332
2022-11-24,Shanuzi,35.6
2022-11-25,Nuevo Horizonte,
2022-11-25,Palmawasi,15.1
2022-11-25,Shanuzi,35.4
2022-11-26,Nuevo Horizonte,
2022-11-26,Palmawasi,14.85
2022-11-26,Shanuzi,35.0
2022-11-27,Nuevo Horizonte,
2022-11-27,Palmawasi,
2022-11-27,Shanuzi,39.25
2022-11-28,Nuevo Horizonte,11.0
2022-11-28,Palmawasi,16.5
2022-11-28,Shanuzi,35.0
2022-11-29,Nuevo Horizonte,14.0
2022-11-29,Palmawasi,15.8
2022-11-29,Shanuzi,34.0
2022-11-30,Nuevo Horizonte,13.0
2022-11-30,Palmawasi,15.4
2022-11-30,Shanuzi,34.2
2022-12-01,Nuevo Horizonte,13.0
2022-12-01,Palmawasi,15.5
2022-12-01,Shanuzi,33.6
2022-12-02,Nuevo Horizonte,12.0
2022-12-02,Palmawasi,15.366666
2022-12-02,Shanuzi,33.6
2022-12-03,Nuevo Horizonte,12.0
2022-12-03,Palmawasi,15.2
2022-12-03,Shanuzi,
2022-12-04,Nuevo Horizonte,
2022-12-04,Palmawasi,
2022-12-04,Shanuzi,
2022-12-05,Nuevo Horizonte,14.0
2022-12-05,Palmawasi,15.933333999999999
2022-12-05,Shanuzi,
2022-12-06,Nuevo Horizonte,14.0
2022-12-06,Palmawasi,15.833332000000002
2022-12-06,Shanuzi,35.4
2022-12-07,Nuevo Horizonte,9.0
2022-12-07,Palmawasi,15.333333999999999
2022-12-07,Shanuzi,35.4
2022-12-08,Nuevo Horizonte,10.0
2022-12-08,Palmawasi,14.783334
2022-12-08,Shanuzi,36.0
2022-12-09,Nuevo Horizonte,9.0
2022-12-09,Palmawasi,14.316666000000001
2022-12-09,Shanuzi,35.2
2022-12-10,Nuevo Horizonte,
2022-12-10,Palmawasi,15.5
2022-12-10,Shanuzi,35.2
2022-12-11,Nuevo Horizonte,
2022-12-11,Palmawasi,17.0
2022-12-11,Shanuzi,39.2
2022-12-12,Nuevo Horizonte,12.0
2022-12-12,Palmawasi,16.15
2022-12-12,Shanuzi,35.8
2022-12-13,Nuevo Horizonte,12.0
2022-12-13,Palmawasi,16.166666
2022-12-13,Shanuzi,35.2
2022-12-14,Nuevo Horizonte,11.0
2022-12-14,Palmawasi,16.05
2022-12-14,Shanuzi,35.4
2022-12-15,Nuevo Horizonte,10.0
2022-12-15,Palmawasi,15.75
2022-12-15,Shanuzi,39.0
2022-12-16,Nuevo Horizonte,10.0
2022-12-16,Palmawasi,15.466666
2022-12-16,Shanuzi,42.0
2022-12-17,Nuevo Horizonte,10.0
2022-12-17,Palmawasi,15.083332000000002
2022-12-17,Shanuzi,42.0
2022-12-18,Nuevo Horizonte,
2022-12-18,Palmawasi,17.5
2022-12-18,Shanuzi,
2022-12-19,Nuevo Horizonte,11.0
2022-12-19,Palmawasi,16.316666
2022-12-19,Shanuzi,36.6
2022-12-20,Nuevo Horizonte,11.0
2022-12-20,Palmawasi,16.0
2022-12-20,Shanuzi,36.4
2022-12-21,Nuevo Horizonte,9.0
2022-12-21,Palmawasi,15.733332
2022-12-21,Shanuzi,36.2
2022-12-22,Nuevo Horizonte,8.0
2022-12-22,Palmawasi,15.566666000000001
2022-12-22,Shanuzi,35.8
2022-12-23,Nuevo Horizonte,8.0
2022-12-23,Palmawasi,15.366666
2022-12-23,Shanuzi,35.8
2022-12-24,Nuevo Horizonte,
2022-12-24,Palmawasi,10.0
2022-12-24,Shanuzi,35.0
2022-12-25,Nuevo Horizonte,
2022-12-25,Palmawasi,
2022-12-25,Shanuzi,
2022-12-26,Nuevo Horizonte,11.0
2022-12-26,Palmawasi,17.3
2022-12-26,Shanuzi,35.4
2022-12-27,Nuevo Horizonte,11.0
2022-12-27,Palmawasi,17.166667999999998
2022-12-27,Shanuzi,36.0
2022-12-28,Nuevo Horizonte,9.0
2022-12-28,Palmawasi,16.75
2022-12-28,Shanuzi,36.0
2022-12-29,Nuevo Horizonte,
2022-12-29,Palmawasi,16.766666
2022-12-29,Shanuzi,36.2
2022-12-30,Nuevo Horizonte,
2022-12-30,Palmawasi,16.333332000000002
2022-12-30,Shanuzi,43.0
2022-12-31,Nuevo Horizonte,
2022-12-31,Palmawasi,16.4
2022-12-31,Shanuzi,
2023-01-01,Nuevo Horizonte,
2023-01-01,Palmawasi,
2023-01-01,Shanuzi,
2023-01-02,Nuevo Horizonte,14.0
2023-01-02,Palmawasi,17.649998
2023-01-02,Shanuzi,38.4
2023-01-03,Nuevo Horizonte,14.0
2023-01-03,Palmawasi,17.516666
2023-01-03,Shanuzi,40.0
2023-01-04,Nuevo Horizonte,14.0
2023-01-04,Palmawasi,17.333332000000002
2023-01-04,Shanuzi,39.6
2023-01-05,Nuevo Horizonte,14.0
2023-01-05,Palmawasi,17.233332
2023-01-05,Shanuzi,38.2
2023-01-06,Nuevo Horizonte,14.0
2023-01-06,Palmawasi,17.099998
2023-01-06,Shanuzi,38.6
2023-01-07,Nuevo Horizonte,10.0
2023-01-07,Palmawasi,16.833332000000002
2023-01-07,Shanuzi,38.6
2023-01-08,Nuevo Horizonte,
2023-01-08,Palmawasi,
2023-01-08,Shanuzi,
2023-01-09,Nuevo Horizonte,15.0
2023-01-09,Palmawasi,18.15
2023-01-09,Shanuzi,34.0
2023-01-10,Nuevo Horizonte,15.0
2023-01-10,Palmawasi,17.666664
2023-01-10,Shanuzi,33.8
2023-01-11,Nuevo Horizonte,15.0
2023-01-11,Palmawasi,17.583332000000002
2023-01-11,Shanuzi,37.8
2023-01-12,Nuevo Horizonte,10.0
2023-01-12,Palmawasi,17.533332
2023-01-12,Shanuzi,37.6
2023-01-13,Nuevo Horizonte,10.0
2023-01-13,Palmawasi,17.4
2023-01-13,Shanuzi,37.4
2023-01-14,Nuevo Horizonte,10.0
2023-01-14,Palmawasi,17.216666
2023-01-14,Shanuzi,37.4
2023-01-15,Nuevo Horizonte,
2023-01-15,Palmawasi,20.833333333333332
2023-01-15,Shanuzi,37.5
2023-01-16,Nuevo Horizonte,
2023-01-16,Palmawasi,18.166666
2023-01-16,Shanuzi,36.6
2023-01-17,Nuevo Horizonte,10.0
2023-01-17,Palmawasi,17.766666
2023-01-17,Shanuzi,36.0
2023-01-18,Nuevo Horizonte,11.0
2023-01-18,Palmawasi,17.666666
2023-01-18,Shanuzi,35.2
2023-01-19,Nuevo Horizonte,12.0
2023-01-19,Palmawasi,17.633332000000003
2023-01-19,Shanuzi,35.8
2023-01-20,Nuevo Horizonte,
2023-01-20,Palmawasi,17.399995999999998
2023-01-20,Shanuzi,36.8
2023-01-21,Nuevo Horizonte,
2023-01-21,Palmawasi,16.899998
2023-01-21,Shanuzi,36.0
2023-01-22,Nuevo Horizonte,
2023-01-22,Palmawasi,21.0
2023-01-22,Shanuzi,34.0
2023-01-23,Nuevo Horizonte,18.0
2023-01-23,Palmawasi,17.999997999999998
2023-01-23,Shanuzi,35.6
2023-01-24,Nuevo Horizonte,17.0
2023-01-24,Palmawasi,17.599998
2023-01-24,Shanuzi,35.6
2023-01-25,Nuevo Horizonte,16.0
2023-01-25,Palmawasi,17.25
2023-01-25,Shanuzi,35.6
2023-01-26,Nuevo Horizonte,15.0
2023-01-26,Palmawasi,16.5
2023-01-26,Shanuzi,33.8
2023-01-27,Nuevo Horizonte,15.0
2023-01-27,Palmawasi,16.466666
2023-01-27,Shanuzi,33.4
2023-01-28,Nuevo Horizonte,10.0
2023-01-28,Palmawasi,16.433332
2023-01-28,Shanuzi,31.6
2023-01-29,Nuevo Horizonte,
2023-01-29,Palmawasi,21.0
2023-01-29,Shanuzi,31.666666666666668
2023-01-30,Nuevo Horizonte,17.0
2023-01-30,Palmawasi,17.366664
2023-01-30,Shanuzi,32.2
2023-01-31,Nuevo Horizonte,18.0
2023-01-31,Palmawasi,16.999997999999998
2023-01-31,Shanuzi,31.6
2023-02-01,Nuevo Horizonte,9.0
2023-02-01,Palmawasi,16.899998
2023-02-01,Shanuzi,30.6
2023-02-02,Nuevo Horizonte,9.0
2023-02-02,Palmawasi,16.899998
2023-02-02,Shanuzi,28.2
2023-02-03,Nuevo Horizonte,9.0
2023-02-03,Palmawasi,16.399998
2023-02-03,Shanuzi,27.2
2023-02-04,Nuevo Horizonte,9.0
2023-02-04,Palmawasi,16.249997999999998
2023-02-04,Shanuzi,26.25
2023-02-05,Nuevo Horizonte,
2023-02-05,Palmawasi,28.0
2023-02-05,Shanuzi,
2023-02-06,Nuevo Horizonte,10.0
2023-02-06,Palmawasi,17.466666
2023-02-06,Shanuzi,23.0
2023-02-07,Nuevo Horizonte,12.0
2023-02-07,Palmawasi,17.216666
2023-02-07,Shanuzi,23.4
2023-02-08,Nuevo Horizonte,12.0
2023-02-08,Palmawasi,16.733332
2023-02-08,Shanuzi,28.2
2023-02-09,Nuevo Horizonte,
2023-02-09,Palmawasi,15.949997999999999
2023-02-09,Shanuzi,28.0
2023-02-10,Nuevo Horizonte,
2023-02-10,Palmawasi,15.299997999999999
2023-02-10,Shanuzi,27.4
2023-02-11,Nuevo Horizonte,
2023-02-11,Palmawasi,15.199997999999999
2023-02-11,Shanuzi,25.4
2023-02-12,Nuevo Horizonte,
2023-02-12,Palmawasi,29.0
2023-02-12,Shanuzi,
2023-02-13,Nuevo Horizonte,17.0
2023-02-13,Palmawasi,15.95
2023-02-13,Shanuzi,25.4
2023-02-14,Nuevo Horizonte,18.0
2023-02-14,Palmawasi,15.899998
2023-02-14,Shanuzi,18.2
2023-02-15,Nuevo Horizonte,18.0
2023-02-15,Palmawasi,15.083332000000002
2023-02-15,Shanuzi,19.2
2023-02-16,Nuevo Horizonte,17.0
2023-02-16,Palmawasi,14.533332000000001
2023-02-16,Shanuzi,18.2
2023-02-17,Nuevo Horizonte,10.0
2023-02-17,Palmawasi,14.35
2023-02-17,Shanuzi,17.4
2023-02-18,Nuevo Horizonte,18.0
2023-02-18,Palmawasi,14.1
2023-02-18,Shanuzi,16.2
2023-02-19,Nuevo Horizonte,
2023-02-19,Palmawasi,14.0
2023-02-19,Shanuzi,
2023-02-20,Nuevo Horizonte,19.0
2023-02-20,Palmawasi,15.216666
2023-02-20,Shanuzi,25.8
2023-02-21,Nuevo Horizonte,20.0
2023-02-21,Palmawasi,14.716666
2023-02-21,Shanuzi,14.2
2023-02-22,Nuevo Horizonte,20.0
2023-02-22,Palmawasi,14.349998
2023-02-22,Shanuzi,14.25
2023-02-23,Nuevo Horizonte,20.0
2023-02-23,Palmawasi,13.833332000000002
2023-02-23,Shanuzi,13.2
2023-02-24,Nuevo Horizonte,20.0
2023-02-24,Palmawasi,12.999998
2023-02-24,Shanuzi,12.0
2023-02-25,Nuevo Horizonte,20.0
2023-02-25,Palmawasi,12.666664
2023-02-25,Shanuzi,12.5
2023-02-26,Nuevo Horizonte,
2023-02-26,Palmawasi,18.0
2023-02-26,Shanuzi,
2023-02-27,Nuevo Horizonte,10.0
2023-02-27,Palmawasi,14.466664
2023-02-27,Shanuzi,15.2
2023-02-28,Nuevo Horizonte,16.0
2023-02-28,Palmawasi,13.316666000000001
2023-02-28,Shanuzi,14.4
2023-03-01,Nuevo Horizonte,14.0
2023-03-01,Palmawasi,13.05
2023-03-01,Shanuzi,13.6
2023-03-02,Nuevo Horizonte,14.0
2023-03-02,Palmawasi,12.9
2023-03-02,Shanuzi,8.4
2023-03-03,Nuevo Horizonte,11.0
2023-03-03,Palmawasi,12.55
2023-03-03,Shanuzi,13.0
2023-03-04,Nuevo Horizonte,11.0
2023-03-04,Palmawasi,12.5
2023-03-04,Shanuzi,10.333333333333334
2023-03-05,Nuevo Horizonte,
2023-03-05,Palmawasi,
2023-03-05,Shanuzi,
2023-03-06,Nuevo Horizonte,12.0
2023-03-06,Palmawasi,14.066666000000001
2023-03-06,Shanuzi,12.8
2023-03-07,Nuevo Horizonte,11.0
2023-03-07,Palmawasi,13.683332000000002
2023-03-07,Shanuzi,14.4
2023-03-08,Nuevo Horizonte,12.0
2023-03-08,Palmawasi,13.516664
2023-03-08,Shanuzi,21.0
2023-03-09,Nuevo Horizonte,12.0
2023-03-09,Palmawasi,13.566664
2023-03-09,Shanuzi,15.0
2023-03-10,Nuevo Horizonte,10.0
2023-03-10,Palmawasi,13.866664
2023-03-10,Shanuzi,15.0
2023-03-11,Nuevo Horizonte,11.0
2023-03-11,Palmawasi,13.766664
2023-03-11,Shanuzi,15.4
2023-03-12,Nuevo Horizonte,
2023-03-12,Palmawasi,
2023-03-12,Shanuzi,
2023-03-13,Nuevo Horizonte,12.0
2023-03-13,Palmawasi,14.566664
2023-03-13,Shanuzi,16.6
2023-03-14,Nuevo Horizonte,13.0
2023-03-14,Palmawasi,14.066664
2023-03-14,Shanuzi,16.2
2023-03-15,Nuevo Horizonte,13.0
2023-03-15,Palmawasi,14.433332000000002
2023-03-15,Shanuzi,16.2
2023-03-16,Nuevo Horizonte,13.0
2023-03-16,Palmawasi,14.266666
2023-03-16,Shanuzi,16.2
2023-03-17,Nuevo Horizonte,13.0
2023-03-17,Palmawasi,14.266666
2023-03-17,Shanuzi,16.2
2023-03-18,Nuevo Horizonte,14.0
2023-03-18,Palmawasi,13.966666
2023-03-18,Shanuzi,17.2
2023-03-19,Nuevo Horizonte,
2023-03-19,Palmawasi,
2023-03-19,Shanuzi,
2023-03-20,Nuevo Horizonte,10.0
2023-03-20,Palmawasi,15.133332000000001
2023-03-20,Shanuzi,
2023-03-21,Nuevo Horizonte,15.0
2023-03-21,Palmawasi,14.766664
2023-03-21,Shanuzi,
2023-03-22,Nuevo Horizonte,15.0
2023-03-22,Palmawasi,14.383332000000001
2023-03-22,Shanuzi,15.6
2023-03-23,Nuevo Horizonte,15.0
2023-03-23,Palmawasi,14.283332000000001
2023-03-23,Shanuzi,16.2
2023-03-24,Nuevo Horizonte,15.0
2023-03-24,Palmawasi,14.016666
2023-03-24,Shanuzi,17.0
2023-03-25,Nuevo Horizonte,13.0
2023-03-25,Palmawasi,13.816666000000001
2023-03-25,Shanuzi,17.8
2023-03-26,Nuevo Horizonte,
2023-03-26,Palmawasi,
2023-03-26,Shanuzi,17.333333333333332
2023-03-27,Nuevo Horizonte,14.0
2023-03-27,Palmawasi,15.116664
2023-03-27,Shanuzi,19.2
2023-03-28,Nuevo Horizonte,15.0
2023-03-28,Palmawasi,15.116664
2023-03-28,Shanuzi,19.6
2023-03-29,Nuevo Horizonte,15.0
2023-03-29,Palmawasi,15.066664
2023-03-29,Shanuzi,19.6
2023-03-30,Nuevo Horizonte,10.0
2023-03-30,Palmawasi,15.083332000000002
2023-03-30,Shanuzi,19.2
2023-03-31,Nuevo Horizonte,15.0
2023-03-31,Palmawasi,14.849998
2023-03-31,Shanuzi,19.0
2023-04-01,Nuevo Horizonte,16.0
2023-04-01,Palmawasi,14.483332
2023-04-01,Shanuzi,18.2
2023-04-02,Nuevo Horizonte,
2023-04-02,Palmawasi,
2023-04-02,Shanuzi,
2023-04-03,Nuevo Horizonte,16.0
2023-04-03,Palmawasi,15.733332
2023-04-03,Shanuzi,17.6
2023-04-04,Nuevo Horizonte,16.0
2023-04-04,Palmawasi,15.516664
2023-04-04,Shanuzi,18.66
2023-04-05,Nuevo Horizonte,15.0
2023-04-05,Palmawasi,14.45
2023-04-05,Shanuzi,19.2
2023-04-06,Nuevo Horizonte,14.0
2023-04-06,Palmawasi,14.649998
2023-04-06,Shanuzi,20.1
2023-04-07,Nuevo Horizonte,
2023-04-07,Palmawasi,
2023-04-07,Shanuzi,
2023-04-08,Nuevo Horizonte,
2023-04-08,Palmawasi,
2023-04-08,Shanuzi,
2023-04-09,Nuevo Horizonte,
2023-04-09,Palmawasi,
2023-04-09,Shanuzi,
2023-04-10,Nuevo Horizonte,17.0
2023-04-10,Palmawasi,16.866666000000002
2023-04-10,Shanuzi,21.854000000000003
2023-04-11,Nuevo Horizonte,10.0
2023-04-11,Palmawasi,16.6
2023-04-11,Shanuzi,20.608
2023-04-12,Nuevo Horizonte,17.0
2023-04-12,Palmawasi,16.366664
2023-04-12,Shanuzi,22.2
2023-04-13,Nuevo Horizonte,16.0
2023-04-13,Palmawasi,16.099998
2023-04-13,Shanuzi,19.2
2023-04-14,Nuevo Horizonte,16.0
2023-04-14,Palmawasi,16.816666
2023-04-14,Shanuzi,18.318
2023-04-15,Nuevo Horizonte,15.0
2023-04-15,Palmawasi,16.166666
2023-04-15,Shanuzi,17.0
2023-04-16,Nuevo Horizonte,
2023-04-16,Palmawasi,
2023-04-16,Shanuzi,
2023-04-17,Nuevo Horizonte,14.0
2023-04-17,Palmawasi,17.033332
2023-04-17,Shanuzi,17.21
2023-04-18,Nuevo Horizonte,14.0
2023-04-18,Palmawasi,17.099998
2023-04-18,Shanuzi,18.669999999999998
2023-04-19,Nuevo Horizonte,14.0
2023-04-19,Palmawasi,16.599998
2023-04-19,Shanuzi,18.008000000000003
2023-04-20,Nuevo Horizonte,10.0
2023-04-20,Palmawasi,15.766666
2023-04-20,Shanuzi,18.759999999999998
2023-04-21,Nuevo Horizonte,15.0
2023-04-21,Palmawasi,15.883332000000001
2023-04-21,Shanuzi,18.32
2023-04-22,Nuevo Horizonte,12.0
2023-04-22,Palmawasi,15.116666
2023-04-22,Shanuzi,18.330000000000002
2023-04-23,Nuevo Horizonte,
2023-04-23,Palmawasi,
2023-04-23,Shanuzi,
2023-04-24,Nuevo Horizonte,12.0
2023-04-24,Palmawasi,15.199997999999999
2023-04-24,Shanuzi,17.484
2023-04-25,Nuevo Horizonte,12.0
2023-04-25,Palmawasi,14.983332
2023-04-25,Shanuzi,16.998
2023-04-26,Nuevo Horizonte,12.0
2023-04-26,Palmawasi,14.516664
2023-04-26,Shanuzi,15.8
2023-04-27,Nuevo Horizonte,12.0
2023-04-27,Palmawasi,14.55
2023-04-27,Shanuzi,14.732
2023-04-28,Nuevo Horizonte,12.0
2023-04-28,Palmawasi,14.133332000000001
2023-04-28,Shanuzi,14.372
2023-04-29,Nuevo Horizonte,12.0
2023-04-29,Palmawasi,14.316666000000001
2023-04-29,Shanuzi,12.835
2023-04-30,Nuevo Horizonte,
2023-04-30,Palmawasi,
2023-04-30,Shanuzi,
2023-05-01,Nuevo Horizonte,
2023-05-01,Palmawasi,
2023-05-01,Shanuzi,
2023-05-02,Nuevo Horizonte,12.0
2023-05-02,Palmawasi,15.349998
2023-05-02,Shanuzi,14.360000000000003
2023-05-03,Nuevo Horizonte,15.0
2023-05-03,Palmawasi,15.149998
2023-05-03,Shanuzi,15.613999999999999
2023-05-04,Nuevo Horizonte,15.0
2023-05-04,Palmawasi,15.066664
2023-05-04,Shanuzi,16.613999999999997
2023-05-05,Nuevo Horizonte,15.0
2023-05-05,Palmawasi,14.566664
2023-05-05,Shanuzi,16.008
2023-05-06,Nuevo Horizonte,15.0
2023-05-06,Palmawasi,14.133332000000001
2023-05-06,Shanuzi,16.112000000000002
2023-05-07,Nuevo Horizonte,
2023-05-07,Palmawasi,
2023-05-07,Shanuzi,
2023-05-08,Nuevo Horizonte,16.0
2023-05-08,Palmawasi,15.383332000000001
2023-05-08,Shanuzi,15.934000000000001
2023-05-09,Nuevo Horizonte,15.0
2023-05-09,Palmawasi,14.966666
2023-05-09,Shanuzi,15.947
2023-05-10,Nuevo Horizonte,15.0
2023-05-10,Palmawasi,14.783332000000001
2023-05-10,Shanuzi,14.09
2023-05-11,Nuevo Horizonte,15.0
2023-05-11,Palmawasi,14.416666000000001
2023-05-11,Shanuzi,15.758
2023-05-12,Nuevo Horizonte,10.0
2023-05-12,Palmawasi,13.85
2023-05-12,Shanuzi,15.102
2023-05-13,Nuevo Horizonte,16.0
2023-05-13,Palmawasi,13.05
2023-05-13,Shanuzi,13.940000000000001
2023-05-14,Nuevo Horizonte,
2023-05-14,Palmawasi,
2023-05-14,Shanuzi,
2023-05-15,Nuevo Horizonte,17.0
2023-05-15,Palmawasi,13.949997999999999
2023-05-15,Shanuzi,15.319999999999999
2023-05-16,Nuevo Horizonte,17.0
2023-05-16,Palmawasi,14.083332000000002
2023-05-16,Shanuzi,14.884
2023-05-17,Nuevo Horizonte,17.0
2023-05-17,Palmawasi,13.499998
2023-05-17,Shanuzi,13.38
2023-05-18,Nuevo Horizonte,15.0
2023-05-18,Palmawasi,13.116664
2023-05-18,Shanuzi,13.780000000000001
2023-05-19,Nuevo Horizonte,15.0
2023-05-19,Palmawasi,12.816664
2023-05-19,Shanuzi,14.559999999999999
2023-05-20,Nuevo Horizonte,15.0
2023-05-20,Palmawasi,12.366664
2023-05-20,Shanuzi,13.780000000000001
2023-05-21,Nuevo Horizonte,
2023-05-21,Palmawasi,
2023-05-21,Shanuzi,
2023-05-22,Nuevo Horizonte,10.0
2023-05-22,Palmawasi,12.9
2023-05-22,Shanuzi,13.11
2023-05-23,Nuevo Horizonte,17.0
2023-05-23,Palmawasi,12.35
2023-05-23,Shanuzi,12.174
2023-05-24,Nuevo Horizonte,17.0
2023-05-24,Palmawasi,12.366666
2023-05-24,Shanuzi,11.8
2023-05-25,Nuevo Horizonte,17.0
2023-05-25,Palmawasi,12.016666
2023-05-25,Shanuzi,11.370000000000001
2023-05-26,Nuevo Horizonte,16.0
2023-05-26,Palmawasi,11.949997999999999
2023-05-26,Shanuzi,10.790000000000001
2023-05-27,Nuevo Horizonte,16.0
2023-05-27,Palmawasi,11.783332
2023-05-27,Shanuzi,10.18
2023-05-28,Nuevo Horizonte,
2023-05-28,Palmawasi,
2023-05-28,Shanuzi,
2023-05-29,Nuevo Horizonte,17.0
2023-05-29,Palmawasi,13.2
2023-05-29,Shanuzi,12.76
2023-05-30,Nuevo Horizonte,16.0
2023-05-30,Palmawasi,13.183332000000002
2023-05-30,Shanuzi,11.959999999999999
2023-05-31,Nuevo Horizonte,16.0
2023-05-31,Palmawasi,12.783332
2023-05-31,Shanuzi,10.6
2023-06-01,Nuevo Horizonte,15.0
2023-06-01,Palmawasi,12.566666000000001
2023-06-01,Shanuzi,10.2
2023-06-02,Nuevo Horizonte,11.0
2023-06-02,Palmawasi,12.266666
2023-06-02,Shanuzi,10.4
2023-06-03,Nuevo Horizonte,
2023-06-03,Palmawasi,
2023-06-03,Shanuzi,11.0
2023-06-04,Nuevo Horizonte,
2023-06-04,Palmawasi,
2023-06-04,Shanuzi,
2023-06-05,Nuevo Horizonte,18.0
2023-06-05,Palmawasi,14.766666
2023-06-05,Shanuzi,13.84
2023-06-06,Nuevo Horizonte,18.0
2023-06-06,Palmawasi,14.883332000000001
2023-06-06,Shanuzi,11.8
2023-06-07,Nuevo Horizonte,18.0
2023-06-07,Palmawasi,14.733332
2023-06-07,Shanuzi,10.72
2023-06-08,Nuevo Horizonte,15.0
2023-06-08,Palmawasi,14.399998
2023-06-08,Shanuzi,11.0
2023-06-09,Nuevo Horizonte,15.0
2023-06-09,Palmawasi,13.866666
2023-06-09,Shanuzi,11.02
2023-06-10,Nuevo Horizonte,15.0
2023-06-10,Palmawasi,14.616666
2023-06-10,Shanuzi,11.059999999999999
2023-06-11,Nuevo Horizonte,
2023-06-11,Palmawasi,
2023-06-11,Shanuzi,
2023-06-12,Nuevo Horizonte,10.0
2023-06-12,Palmawasi,15.366664
2023-06-12,Shanuzi,11.414
2023-06-13,Nuevo Horizonte,16.0
2023-06-13,Palmawasi,15.266664
2023-06-13,Shanuzi,11.36
2023-06-14,Nuevo Horizonte,16.0
2023-06-14,Palmawasi,14.766666
2023-06-14,Shanuzi,11.656
2023-06-15,Nuevo Horizonte,16.0
2023-06-15,Palmawasi,14.599998
2023-06-15,Shanuzi,11.156
2023-06-16,Nuevo Horizonte,16.0
2023-06-16,Palmawasi,14.066666000000001
2023-06-16,Shanuzi,10.357
2023-06-17,Nuevo Horizonte,16.0
2023-06-17,Palmawasi,13.8
2023-06-17,Shanuzi,10.815999999999999
2023-06-18,Nuevo Horizonte,
2023-06-18,Palmawasi,
2023-06-18,Shanuzi,
2023-06-19,Nuevo Horizonte,15.0
2023-06-19,Palmawasi,14.766664
2023-06-19,Shanuzi,11.408
2023-06-20,Nuevo Horizonte,15.0
2023-06-20,Palmawasi,14.099998
2023-06-20,Shanuzi,10.975999999999999
2023-06-21,Nuevo Horizonte,15.0
2023-06-21,Palmawasi,13.7
2023-06-21,Shanuzi,11.459999999999999
2023-06-22,Nuevo Horizonte,15.0
2023-06-22,Palmawasi,13.366666
2023-06-22,Shanuzi,11.778
2023-06-23,Nuevo Horizonte,11.0
2023-06-23,Palmawasi,13.166666000000001
2023-06-23,Shanuzi,11.43
2023-06-24,Nuevo Horizonte,16.0
2023-06-24,Palmawasi,12.733332
2023-06-24,Shanuzi,12.375
2023-06-25,Nuevo Horizonte,
2023-06-25,Palmawasi,
2023-06-25,Shanuzi,
2023-06-26,Nuevo Horizonte,18.0
2023-06-26,Palmawasi,14.333332000000002
2023-06-26,Shanuzi,12.478
2023-06-27,Nuevo Horizonte,18.0
2023-06-27,Palmawasi,13.449997999999999
2023-06-27,Shanuzi,12.834
2023-06-28,Nuevo Horizonte,15.0
2023-06-28,Palmawasi,13.149998
2023-06-28,Shanuzi,11.831999999999999
2023-06-29,Nuevo Horizonte,15.0
2023-06-29,Palmawasi,13.399998
2023-06-29,Shanuzi,12.09
2023-06-30,Nuevo Horizonte,15.0
2023-06-30,Palmawasi,13.033332000000001
2023-06-30,Shanuzi,12.222
2023-07-01,Nuevo Horizonte,15.0
2023-07-01,Palmawasi,12.05
2023-07-01,Shanuzi,
2023-07-02,Nuevo Horizonte,
2023-07-02,Palmawasi,
2023-07-02,Shanuzi,
2023-07-03,Nuevo Horizonte,16.0
2023-07-03,Palmawasi,14.166666000000001
2023-07-03,Shanuzi,13.553999999999998
2023-07-04,Nuevo Horizonte,10.0
2023-07-04,Palmawasi,13.533332000000001
2023-07-04,Shanuzi,13.080000000000002
2023-07-05,Nuevo Horizonte,16.0
2023-07-05,Palmawasi,13.433330000000002
2023-07-05,Shanuzi,12.41
2023-07-06,Nuevo Horizonte,16.0
2023-07-06,Palmawasi,13.416666000000001
2023-07-06,Shanuzi,12.290000000000001
2023-07-07,Nuevo Horizonte,16.0
2023-07-07,Palmawasi,12.066664
2023-07-07,Shanuzi,12.72
2023-07-08,Nuevo Horizonte,15.0
2023-07-08,Palmawasi,11.799997999999999
2023-07-08,Shanuzi,12.128
2023-07-09,Nuevo Horizonte,
2023-07-09,Palmawasi,
2023-07-09,Shanuzi,
2023-07-10,Nuevo Horizonte,15.0
2023-07-10,Palmawasi,13.0
2023-07-10,Shanuzi,13.940000000000001
2023-07-11,Nuevo Horizonte,14.0
2023-07-11,Palmawasi,12.899998
2023-07-11,Shanuzi,13.268
2023-07-12,Nuevo Horizonte,14.0
2023-07-12,Palmawasi,12.583332
2023-07-12,Shanuzi,13.469999999999999
2023-07-13,Nuevo Horizonte,10.0
2023-07-13,Palmawasi,12.416666000000001
2023-07-13,Shanuzi,12.86
2023-07-14,Nuevo Horizonte,15.0
2023-07-14,Palmawasi,12.016666
2023-07-14,Shanuzi,12.866
2023-07-15,Nuevo Horizonte,15.0
2023-07-15,Palmawasi,11.533332
2023-07-15,Shanuzi,12.53
2023-07-16,Nuevo Horizonte,
2023-07-16,Palmawasi,
2023-07-16,Shanuzi,
2023-07-17,Nuevo Horizonte,16.0
2023-07-17,Palmawasi,12.683330000000002
2023-07-17,Shanuzi,13.51
2023-07-18,Nuevo Horizonte,15.0
2023-07-18,Palmawasi,12.433332
2023-07-18,Shanuzi,12.66
2023-07-19,Nuevo Horizonte,15.0
2023-07-19,Palmawasi,12.149998
2023-07-19,Shanuzi,11.379999999999999
2023-07-20,Nuevo Horizonte,15.0
2023-07-20,Palmawasi,11.9
2023-07-20,Shanuzi,11.334
2023-07-21,Nuevo Horizonte,15.0
2023-07-21,Palmawasi,11.666666000000001
2023-07-21,Shanuzi,11.368
2023-07-22,Nuevo Horizonte,15.0
2023-07-22,Palmawasi,11.2
2023-07-22,Shanuzi,12.424
2023-07-23,Nuevo Horizonte,
2023-07-23,Palmawasi,
2023-07-23,Shanuzi,
2023-07-24,Nuevo Horizonte,11.0
2023-07-24,Palmawasi,12.399998
2023-07-24,Shanuzi,11.716
2023-07-25,Nuevo Horizonte,17.0
2023-07-25,Palmawasi,12.099996
2023-07-25,Shanuzi,12.193000000000001
2023-07-26,Nuevo Horizonte,17.0
2023-07-26,Palmawasi,11.833332
2023-07-26,Shanuzi,11.556000000000001
2023-07-27,Nuevo Horizonte,16.0
2023-07-27,Palmawasi,11.65
2023-07-27,Shanuzi,10.628
2023-07-28,Nuevo Horizonte,
2023-07-28,Palmawasi,
2023-07-28,Shanuzi,10.628
2023-07-29,Nuevo Horizonte,
2023-07-29,Palmawasi,
2023-07-29,Shanuzi,
2023-07-30,Nuevo Horizonte,
2023-07-30,Palmawasi,
2023-07-30,Shanuzi,
2023-07-31,Nuevo Horizonte,19.0
2023-07-31,Palmawasi,14.566664
2023-07-31,Shanuzi,10.876000000000001
2023-08-01,Nuevo Horizonte,19.0
2023-08-01,Palmawasi,43.471532
2023-08-01,Shanuzi,11.040000000000001
2023-08-02,Nuevo Horizonte,19.0
2023-08-02,Palmawasi,14.849998
2023-08-02,Shanuzi,11.475999999999999
2023-08-03,Nuevo Horizonte,20.0
2023-08-03,Palmawasi,14.666666000000001
2023-08-03,Shanuzi,11.382000000000001
2023-08-04,Nuevo Horizonte,10.0
2023-08-04,Palmawasi,14.566666000000001
2023-08-04,Shanuzi,11.175
2023-08-05,Nuevo Horizonte,18.0
2023-08-05,Palmawasi,13.916666000000001
2023-08-05,Shanuzi,
2023-08-06,Nuevo Horizonte,
2023-08-06,Palmawasi,
2023-08-06,Shanuzi,
2023-08-07,Nuevo Horizonte,20.0
2023-08-07,Palmawasi,15.199997999999999
2023-08-07,Shanuzi,13.697999999999999
2023-08-08,Nuevo Horizonte,20.0
2023-08-08,Palmawasi,15.23333
2023-08-08,Shanuzi,12.74
2023-08-09,Nuevo Horizonte,20.0
2023-08-09,Palmawasi,15.23333
2023-08-09,Shanuzi,12.966
2023-08-10,Nuevo Horizonte,20.0
2023-08-10,Palmawasi,15.049995999999998
2023-08-10,Shanuzi,13.219999999999999
2023-08-11,Nuevo Horizonte,20.0
2023-08-11,Palmawasi,14.533330000000001
2023-08-11,Shanuzi,12.78
2023-08-12,Nuevo Horizonte,17.0
2023-08-12,Palmawasi,14.149998
2023-08-12,Shanuzi,12.959999999999999
2023-08-13,Nuevo Horizonte,
2023-08-13,Palmawasi,
2023-08-13,Shanuzi,
2023-08-14,Nuevo Horizonte,10.0
2023-08-14,Palmawasi,15.366664
2023-08-14,Shanuzi,13.2
2023-08-15,Nuevo Horizonte,19.0
2023-08-15,Palmawasi,14.533332000000001
2023-08-15,Shanuzi,12.964000000000002
2023-08-16,Nuevo Horizonte,17.0
2023-08-16,Palmawasi,13.95
2023-08-16,Shanuzi,12.916
2023-08-17,Nuevo Horizonte,17.0
2023-08-17,Palmawasi,14.033332000000001
2023-08-17,Shanuzi,12.708
2023-08-18,Nuevo Horizonte,16.0
2023-08-18,Palmawasi,14.033332000000001
2023-08-18,Shanuzi,12.6
2023-08-19,Nuevo Horizonte,16.0
2023-08-19,Palmawasi,13.933332000000002
2023-08-19,Shanuzi,12.331999999999999
2023-08-20,Nuevo Horizonte,
2023-08-20,Palmawasi,14.0
2023-08-20,Shanuzi,
2023-08-21,Nuevo Horizonte,16.0
2023-08-21,Palmawasi,14.5
2023-08-21,Shanuzi,13.067000000000002
2023-08-22,Nuevo Horizonte,16.0
2023-08-22,Palmawasi,14.616664
2023-08-22,Shanuzi,12.802000000000001
2023-08-23,Nuevo Horizonte,15.0
2023-08-23,Palmawasi,14.266666
2023-08-23,Shanuzi,12.022
2023-08-24,Nuevo Horizonte,10.0
2023-08-24,Palmawasi,14.033332000000001
2023-08-24,Shanuzi,11.156
2023-08-25,Nuevo Horizonte,16.0
2023-08-25,Palmawasi,14.3
2023-08-25,Shanuzi,10.686
2023-08-26,Nuevo Horizonte,16.0
2023-08-26,Palmawasi,14.066664
2023-08-26,Shanuzi,9.848
2023-08-27,Nuevo Horizonte,
2023-08-27,Palmawasi,14.0
2023-08-27,Shanuzi,
2023-08-28,Nuevo Horizonte,19.0
2023-08-28,Palmawasi,14.966666
2023-08-28,Shanuzi,10.275
2023-08-29,Nuevo Horizonte,19.0
2023-08-29,Palmawasi,14.199997999999999
2023-08-29,Shanuzi,10.012
2023-08-30,Nuevo Horizonte,19.0
2023-08-30,Palmawasi,14.099998
2023-08-30,Shanuzi,9.09
2023-08-31,Nuevo Horizonte,18.0
2023-08-31,Palmawasi,13.599998
2023-08-31,Shanuzi,8.0
2023-09-01,Nuevo Horizonte,17.0
2023-09-01,Palmawasi,13.08333
2023-09-01,Shanuzi,8.1
2023-09-02,Nuevo Horizonte,17.0
2023-09-02,Palmawasi,
2023-09-02,Shanuzi,
2023-09-03,Nuevo Horizonte,
2023-09-03,Palmawasi,
2023-09-03,Shanuzi,
2023-09-04,Nuevo Horizonte,10.0
2023-09-04,Palmawasi,14.666666000000001
2023-09-04,Shanuzi,10.059999999999999
2023-09-05,Nuevo Horizonte,19.0
2023-09-05,Palmawasi,14.833332000000002
2023-09-05,Shanuzi,10.325999999999999
2023-09-06,Nuevo Horizonte,19.0
2023-09-06,Palmawasi,14.499998
2023-09-06,Shanuzi,10.58
2023-09-07,Nuevo Horizonte,19.0
2023-09-07,Palmawasi,13.916664
2023-09-07,Shanuzi,11.266
2023-09-08,Nuevo Horizonte,19.0
2023-09-08,Palmawasi,13.599998
2023-09-08,Shanuzi,11.22
2023-09-09,Nuevo Horizonte,18.0
2023-09-09,Palmawasi,12.933332000000002
2023-09-09,Shanuzi,11.6
2023-09-10,Nuevo Horizonte,
2023-09-10,Palmawasi,
2023-09-10,Shanuzi,11.732
2023-09-11,Nuevo Horizonte,17.0
2023-09-11,Palmawasi,14.299997999999999
2023-09-11,Shanuzi,12.064
2023-09-12,Nuevo Horizonte,17.0
2023-09-12,Palmawasi,14.266666
2023-09-12,Shanuzi,11.902000000000001
2023-09-13,Nuevo Horizonte,14.0
2023-09-13,Palmawasi,14.066666000000001
2023-09-13,Shanuzi,12.126000000000001
2023-09-14,Nuevo Horizonte,14.0
2023-09-14,Palmawasi,13.666666000000001
2023-09-14,Shanuzi,12.8
2023-09-15,Nuevo Horizonte,11.0
2023-09-15,Palmawasi,13.649998
2023-09-15,Shanuzi,12.028
2023-09-16,Nuevo Horizonte,12.0
2023-09-16,Palmawasi,13.583332000000002
2023-09-16,Shanuzi,12.190000000000001
2023-09-17,Nuevo Horizonte,
2023-09-17,Palmawasi,
2023-09-17,Shanuzi,12.34
2023-09-18,Nuevo Horizonte,13.0
2023-09-18,Palmawasi,14.766664
2023-09-18,Shanuzi,12.26
2023-09-19,Nuevo Horizonte,13.0
2023-09-19,Palmawasi,14.433332000000002
2023-09-19,Shanuzi,12.77
2023-09-20,Nuevo Horizonte,12.0
2023-09-20,Palmawasi,14.083332000000002
2023-09-20,Shanuzi,12.866
2023-09-21,Nuevo Horizonte,11.0
2023-09-21,Palmawasi,13.966666
2023-09-21,Shanuzi,12.9
2023-09-22,Nuevo Horizonte,10.0
2023-09-22,Palmawasi,13.783332000000001
2023-09-22,Shanuzi,12.422
2023-09-23,Nuevo Horizonte,10.0
2023-09-23,Palmawasi,13.166666000000001
2023-09-23,Shanuzi,12.059999999999999
2023-09-24,Nuevo Horizonte,
2023-09-24,Palmawasi,18.0
2023-09-24,Shanuzi,13.5
2023-09-25,Nuevo Horizonte,10.0
2023-09-25,Palmawasi,14.266666
2023-09-25,Shanuzi,12.78
2023-09-26,Nuevo Horizonte,11.0
2023-09-26,Palmawasi,14.0
2023-09-26,Shanuzi,12.526
2023-09-27,Nuevo Horizonte,9.0
2023-09-27,Palmawasi,13.949997999999999
2023-09-27,Shanuzi,11.940000000000001
2023-09-28,Nuevo Horizonte,8.0
2023-09-28,Palmawasi,13.766666
2023-09-28,Shanuzi,12.425999999999998
2023-09-29,Nuevo Horizonte,8.0
2023-09-29,Palmawasi,13.333332000000002
2023-09-29,Shanuzi,12.016
2023-09-30,Nuevo Horizonte,
2023-09-30,Palmawasi,
2023-09-30,Shanuzi,12.831999999999999
2023-10-01,Nuevo Horizonte,
2023-10-01,Palmawasi,
2023-10-01,Shanuzi,
2023-10-02,Nuevo Horizonte,10.0
2023-10-02,Palmawasi,15.049997999999999
2023-10-02,Shanuzi,14.551999999999998
2023-10-03,Nuevo Horizonte,10.0
2023-10-03,Palmawasi,15.299997999999999
2023-10-03,Shanuzi,14.156
2023-10-04,Nuevo Horizonte,10.0
2023-10-04,Palmawasi,14.7
2023-10-04,Shanuzi,14.36
2023-10-05,Nuevo Horizonte,12.0
2023-10-05,Palmawasi,14.433332000000002
2023-10-05,Shanuzi,13.319999999999999
2023-10-06,Nuevo Horizonte,10.0
2023-10-06,Palmawasi,14.016664
2023-10-06,Shanuzi,13.02
2023-10-07,Nuevo Horizonte,11.0
2023-10-07,Palmawasi,14.316666000000001
2023-10-07,Shanuzi,13.912
2023-10-08,Nuevo Horizonte,
2023-10-08,Palmawasi,16.0
2023-10-08,Shanuzi,17.75
2023-10-09,Nuevo Horizonte,15.0
2023-10-09,Palmawasi,14.499998
2023-10-09,Shanuzi,13.752
2023-10-10,Nuevo Horizonte,16.0
2023-10-10,Palmawasi,14.58333
2023-10-10,Shanuzi,14.456
2023-10-11,Nuevo Horizonte,16.0
2023-10-11,Palmawasi,14.383332000000001
2023-10-11,Shanuzi,13.786000000000001
2023-10-12,Nuevo Horizonte,16.0
2023-10-12,Palmawasi,14.083332000000002
2023-10-12,Shanuzi,12.620000000000001
2023-10-13,Nuevo Horizonte,16.0
2023-10-13,Palmawasi,13.566664
2023-10-13,Shanuzi,13.828
2023-10-14,Nuevo Horizonte,16.0
2023-10-14,Palmawasi,12.933332000000002
2023-10-14,Shanuzi,15.106
2023-10-15,Nuevo Horizonte,
2023-10-15,Palmawasi,
2023-10-15,Shanuzi,16.986
2023-10-16,Nuevo Horizonte,19.0
2023-10-16,Palmawasi,13.216664
2023-10-16,Shanuzi,15.297999999999998
2023-10-17,Nuevo Horizonte,10.0
2023-10-17,Palmawasi,13.0
2023-10-17,Shanuzi,14.078
2023-10-18,Nuevo Horizonte,20.0
2023-10-18,Palmawasi,12.933332000000002
2023-10-18,Shanuzi,13.709999999999999
2023-10-19,Nuevo Horizonte,20.0
2023-10-19,Palmawasi,12.733332
2023-10-19,Shanuzi,13.62
2023-10-20,Nuevo Horizonte,18.0
2023-10-20,Palmawasi,12.549997999999999
2023-10-20,Shanuzi,13.15
2023-10-21,Nuevo Horizonte,17.0
2023-10-21,Palmawasi,11.999998
2023-10-21,Shanuzi,12.431999999999999
2023-10-22,Nuevo Horizonte,
2023-10-22,Palmawasi,
2023-10-22,Shanuzi,12.625
2023-10-23,Nuevo Horizonte,18.0
2023-10-23,Palmawasi,13.3
2023-10-23,Shanuzi,12.466
2023-10-24,Nuevo Horizonte,15.0
2023-10-24,Palmawasi,13.066664
2023-10-24,Shanuzi,12.774000000000001
2023-10-25,Nuevo Horizonte,15.0
2023-10-25,Palmawasi,12.666664
2023-10-25,Shanuzi,12.34
2023-10-26,Nuevo Horizonte,15.0
2023-10-26,Palmawasi,12.333332
2023-10-26,Shanuzi,12.484
2023-10-27,Nuevo Horizonte,10.0
2023-10-27,Palmawasi,12.016666
2023-10-27,Shanuzi,12.85
2023-10-28,Nuevo Horizonte,15.0
2023-10-28,Palmawasi,11.566666000000001
2023-10-28,Shanuzi,13.13
2023-10-29,Nuevo Horizonte,
2023-10-29,Palmawasi,
2023-10-29,Shanuzi,12.8325
2023-10-30,Nuevo Horizonte,17.0
2023-10-30,Palmawasi,13.166666000000001
2023-10-30,Shanuzi,12.678
2023-10-31,Nuevo Horizonte,15.0
2023-10-31,Palmawasi,13.133332000000001
2023-10-31,Shanuzi,13.925999999999998
2023-11-01,Nuevo Horizonte,14.0
2023-11-01,Palmawasi,13.183332000000002
2023-11-01,Shanuzi,14.526
2023-11-02,Nuevo Horizonte,12.0
2023-11-02,Palmawasi,12.899998
2023-11-02,Shanuzi,13.975
2023-11-03,Nuevo Horizonte,10.0
2023-11-03,Palmawasi,12.749996
2023-11-03,Shanuzi,14.872
2023-11-04,Nuevo Horizonte,
2023-11-04,Palmawasi,16.0
2023-11-04,Shanuzi,
2023-11-05,Nuevo Horizonte,
2023-11-05,Palmawasi,
2023-11-05,Shanuzi,
2023-11-06,Nuevo Horizonte,13.0
2023-11-06,Palmawasi,14.866666
2023-11-06,Shanuzi,18.184
2023-11-07,Nuevo Horizonte,12.0
2023-11-07,Palmawasi,14.749998
2023-11-07,Shanuzi,15.746
2023-11-08,Nuevo Horizonte,12.0
2023-11-08,Palmawasi,14.599998
2023-11-08,Shanuzi,15.872
2023-11-09,Nuevo Horizonte,12.0
2023-11-09,Palmawasi,14.599998
2023-11-09,Shanuzi,15.434000000000001
2023-11-10,Nuevo Horizonte,10.0
2023-11-10,Palmawasi,14.316664
2023-11-10,Shanuzi,14.8
2023-11-11,Nuevo Horizonte,10.0
2023-11-11,Palmawasi,14.216664
2023-11-11,Shanuzi,14.866
2023-11-12,Nuevo Horizonte,
2023-11-12,Palmawasi,
2023-11-12,Shanuzi,15.12
2023-11-13,Nuevo Horizonte,12.0
2023-11-13,Palmawasi,20.083332000000002
2023-11-13,Shanuzi,15.395999999999997
2023-11-14,Nuevo Horizonte,12.0
2023-11-14,Palmawasi,20.383332000000003
2023-11-14,Shanuzi,15.75
2023-11-15,Nuevo Horizonte,12.0
2023-11-15,Palmawasi,14.4
2023-11-15,Shanuzi,14.080000000000002
2023-11-16,Nuevo Horizonte,10.0
2023-11-16,Palmawasi,13.816666000000001
2023-11-16,Shanuzi,14.276
2023-11-17,Nuevo Horizonte,10.0
2023-11-17,Palmawasi,13.283332000000001
2023-11-17,Shanuzi,14.616
2023-11-18,Nuevo Horizonte,10.0
2023-11-18,Palmawasi,12.466664
2023-11-18,Shanuzi,15.724
2023-11-19,Nuevo Horizonte,
2023-11-19,Palmawasi,13.0
2023-11-19,Shanuzi,18.1475
2023-11-20,Nuevo Horizonte,12.0
2023-11-20,Palmawasi,13.233332
2023-11-20,Shanuzi,15.940000000000001
2023-11-21,Nuevo Horizonte,12.0
2023-11-21,Palmawasi,12.716666
2023-11-21,Shanuzi,15.3
2023-11-22,Nuevo Horizonte,12.0
2023-11-22,Palmawasi,12.199997999999999
2023-11-22,Shanuzi,15.616
2023-11-23,Nuevo Horizonte,12.0
2023-11-23,Palmawasi,11.733332
2023-11-23,Shanuzi,15.732
2023-11-24,Nuevo Horizonte,11.0
2023-11-24,Palmawasi,11.45
2023-11-24,Shanuzi,15.5
2023-11-25,Nuevo Horizonte,10.0
2023-11-25,Palmawasi,11.016664
2023-11-25,Shanuzi,13.959999999999999
2023-11-26,Nuevo Horizonte,
2023-11-26,Palmawasi,
2023-11-26,Shanuzi,16.33
2023-11-27,Nuevo Horizonte,11.0
2023-11-27,Palmawasi,13.999998
2023-11-27,Shanuzi,13.113
2023-11-28,Nuevo Horizonte,10.0
2023-11-28,Palmawasi,12.599998
2023-11-28,Shanuzi,13.144
2023-11-29,Nuevo Horizonte,12.0
2023-11-29,Palmawasi,12.233332
2023-11-29,Shanuzi,11.962
2023-11-30,Nuevo Horizonte,12.0
2023-11-30,Palmawasi,13.299997999999999
2023-11-30,Shanuzi,12.2
2023-12-01,Nuevo Horizonte,11.0
2023-12-01,Palmawasi,11.683332
2023-12-01,Shanuzi,13.341999999999999
2023-12-02,Nuevo Horizonte,
2023-12-02,Palmawasi,12.333333333333334
2023-12-02,Shanuzi,
2023-12-03,Nuevo Horizonte,
2023-12-03,Palmawasi,
2023-12-03,Shanuzi,
2023-12-04,Nuevo Horizonte,14.0
2023-12-04,Palmawasi,13.666664
2023-12-04,Shanuzi,13.725999999999999
2023-12-05,Nuevo Horizonte,14.0
2023-12-05,Palmawasi,13.549997999999999
2023-12-05,Shanuzi,15.924000000000001
2023-12-06,Nuevo Horizonte,14.0
2023-12-06,Palmawasi,13.483332
2023-12-06,Shanuzi,14.844
2023-12-07,Nuevo Horizonte,14.0
2023-12-07,Palmawasi,13.616666
2023-12-07,Shanuzi,14.475999999999999
2023-12-08,Nuevo Horizonte,10.0
2023-12-08,Palmawasi,13.566666000000001
2023-12-08,Shanuzi,13.76
2023-12-09,Nuevo Horizonte,
2023-12-09,Palmawasi,15.0
2023-12-09,Shanuzi,13.057999999999998
2023-12-10,Nuevo Horizonte,
2023-12-10,Palmawasi,
2023-12-10,Shanuzi,14.656
2023-12-11,Nuevo Horizonte,12.0
2023-12-11,Palmawasi,15.516664
2023-12-11,Shanuzi,14.440000000000001
2023-12-12,Nuevo Horizonte,18.0
2023-12-12,Palmawasi,15.999998
2023-12-12,Shanuzi,14.52
2023-12-13,Nuevo Horizonte,18.0
2023-12-13,Palmawasi,15.199997999999999
2023-12-13,Shanuzi,14.792000000000002
2023-12-14,Nuevo Horizonte,16.0
2023-12-14,Palmawasi,15.399998
2023-12-14,Shanuzi,13.026
2023-12-15,Nuevo Horizonte,16.0
2023-12-15,Palmawasi,15.016666
2023-12-15,Shanuzi,13.228
2023-12-16,Nuevo Horizonte,16.0
2023-12-16,Palmawasi,15.066664
2023-12-16,Shanuzi,12.458
2023-12-17,Nuevo Horizonte,
2023-12-17,Palmawasi,
2023-12-17,Shanuzi,13.434000000000001
2023-12-18,Nuevo Horizonte,17.0
2023-12-18,Palmawasi,16.116664
2023-12-18,Shanuzi,11.532
2023-12-19,Nuevo Horizonte,10.0
2023-12-19,Palmawasi,15.566664
2023-12-19,Shanuzi,12.08
2023-12-20,Nuevo Horizonte,15.0
2023-12-20,Palmawasi,15.7
2023-12-20,Shanuzi,11.742
2023-12-21,Nuevo Horizonte,15.0
2023-12-21,Palmawasi,14.933332000000002
2023-12-21,Shanuzi,11.866
2023-12-22,Nuevo Horizonte,14.0
2023-12-22,Palmawasi,14.699997999999999
2023-12-22,Shanuzi,11.328
2023-12-23,Nuevo Horizonte,11.0
2023-12-23,Palmawasi,14.33333
2023-12-23,Shanuzi,
2023-12-24,Nuevo Horizonte,
2023-12-24,Palmawasi,
2023-12-24,Shanuzi,
2023-12-25,Nuevo Horizonte,
2023-12-25,Palmawasi,
2023-12-25,Shanuzi,
2023-12-26,Nuevo Horizonte,13.0
2023-12-26,Palmawasi,15.916664
2023-12-26,Shanuzi,13.580000000000002
2023-12-27,Nuevo Horizonte,13.0
2023-12-27,Palmawasi,15.45
2023-12-27,Shanuzi,12.18
2023-12-28,Nuevo Horizonte,14.0
2023-12-28,Palmawasi,15.616666
2023-12-28,Shanuzi,12.459999999999999
2023-12-29,Nuevo Horizonte,10.0
2023-12-29,Palmawasi,15.35
2023-12-29,Shanuzi,34.792
2023-12-30,Nuevo Horizonte,14.0
2023-12-30,Palmawasi,14.833332000000002
2023-12-30,Shanuzi,12.0
2023-12-31,Nuevo Horizonte,
2023-12-31,Palmawasi,
2023-12-31,Shanuzi,
2024-01-01,Nuevo Horizonte,
2024-01-01,Palmawasi,
2024-01-01,Shanuzi,
2024-01-02,Nuevo Horizonte,17.0
2024-01-02,Palmawasi,17.616664
2024-01-02,Shanuzi,15.134
2024-01-03,Nuevo Horizonte,16.0
2024-01-03,Palmawasi,17.483332
2024-01-03,Shanuzi,16.4
2024-01-04,Nuevo Horizonte,16.0
2024-01-04,Palmawasi,17.166664
2024-01-04,Shanuzi,16.334
2024-01-05,Nuevo Horizonte,16.0
2024-01-05,Palmawasi,17.199998
2024-01-05,Shanuzi,16.57
2024-01-06,Nuevo Horizonte,16.0
2024-01-06,Palmawasi,16.733330000000002
2024-01-06,Shanuzi,15.878
2024-01-07,Nuevo Horizonte,
2024-01-07,Palmawasi,
2024-01-07,Shanuzi,
2024-01-08,Nuevo Horizonte,10.0
2024-01-08,Palmawasi,17.149998
2024-01-08,Shanuzi,18.244
2024-01-09,Nuevo Horizonte,17.0
2024-01-09,Palmawasi,17.583332000000002
2024-01-09,Shanuzi,17.598
2024-01-10,Nuevo Horizonte,18.0
2024-01-10,Palmawasi,17.75
2024-01-10,Shanuzi,17.456
2024-01-11,Nuevo Horizonte,16.0
2024-01-11,Palmawasi,17.433332
2024-01-11,Shanuzi,18.278
2024-01-12,Nuevo Horizonte,16.0
2024-01-12,Palmawasi,16.849998
2024-01-12,Shanuzi,18.080000000000002
2024-01-13,Nuevo Horizonte,16.0
2024-01-13,Palmawasi,16.699998
2024-01-13,Shanuzi,17.824
2024-01-14,Nuevo Horizonte,
2024-01-14,Palmawasi,17.0
2024-01-14,Shanuzi,
2024-01-15,Nuevo Horizonte,17.0
2024-01-15,Palmawasi,18.199998
2024-01-15,Shanuzi,18.21
2024-01-16,Nuevo Horizonte,17.0
2024-01-16,Palmawasi,16.649998
2024-01-16,Shanuzi,18.844
2024-01-17,Nuevo Horizonte,15.0
2024-01-17,Palmawasi,16.316666
2024-01-17,Shanuzi,17.419999999999998
2024-01-18,Nuevo Horizonte,10.0
2024-01-18,Palmawasi,15.95
2024-01-18,Shanuzi,15.184000000000001
2024-01-19,Nuevo Horizonte,15.0
2024-01-19,Palmawasi,15.433332000000002
2024-01-19,Shanuzi,14.416
2024-01-20,Nuevo Horizonte,14.0
2024-01-20,Palmawasi,15.116666
2024-01-20,Shanuzi,13.268
2024-01-21,Nuevo Horizonte,
2024-01-21,Palmawasi,
2024-01-21,Shanuzi,
2024-01-22,Nuevo Horizonte,13.0
2024-01-22,Palmawasi,15.916664
2024-01-22,Shanuzi,13.3
2024-01-23,Nuevo Horizonte,13.0
2024-01-23,Palmawasi,15.38333
2024-01-23,Shanuzi,13.126
2024-01-24,Nuevo Horizonte,12.0
2024-01-24,Palmawasi,14.766664
2024-01-24,Shanuzi,12.1
2024-01-25,Nuevo Horizonte,12.0
2024-01-25,Palmawasi,14.283332000000001
2024-01-25,Shanuzi,10.662
2024-01-26,Nuevo Horizonte,11.0
2024-01-26,Palmawasi,13.099998
2024-01-26,Shanuzi,10.607
2024-01-27,Nuevo Horizonte,11.0
2024-01-27,Palmawasi,12.83333
2024-01-27,Shanuzi,11.022
2024-01-28,Nuevo Horizonte,
2024-01-28,Palmawasi,
2024-01-28,Shanuzi,
2024-01-29,Nuevo Horizonte,10.0
2024-01-29,Palmawasi,13.949997999999999
2024-01-29,Shanuzi,11.162
2024-01-30,Nuevo Horizonte,13.0
2024-01-30,Palmawasi,13.3
2024-01-30,Shanuzi,10.695
2024-01-31,Nuevo Horizonte,13.0
2024-01-31,Palmawasi,12.766664
2024-01-31,Shanuzi,10.35
2024-02-01,Nuevo Horizonte,13.0
2024-02-01,Palmawasi,12.516664
2024-02-01,Shanuzi,10.32
2024-02-02,Nuevo Horizonte,13.0
2024-02-02,Palmawasi,12.083332
2024-02-02,Shanuzi,9.324
2024-02-03,Nuevo Horizonte,13.0
2024-02-03,Palmawasi,12.35
2024-02-03,Shanuzi,
2024-02-04,Nuevo Horizonte,
2024-02-04,Palmawasi,
2024-02-04,Shanuzi,
2024-02-05,Nuevo Horizonte,14.0
2024-02-05,Palmawasi,13.866666
2024-02-05,Shanuzi,10.934000000000001
2024-02-06,Nuevo Horizonte,14.0
2024-02-06,Palmawasi,13.466666
2024-02-06,Shanuzi,10.76
2024-02-07,Nuevo Horizonte,14.0
2024-02-07,Palmawasi,13.033332000000001
2024-02-07,Shanuzi,11.232
2024-02-08,Nuevo Horizonte,10.0
2024-02-08,Palmawasi,15.966664
2024-02-08,Shanuzi,11.416
2024-02-09,Nuevo Horizonte,15.0
2024-02-09,Palmawasi,12.566666000000001
2024-02-09,Shanuzi,11.706
2024-02-10,Nuevo Horizonte,15.0
2024-02-10,Palmawasi,12.333332
2024-02-10,Shanuzi,11.4
2024-02-11,Nuevo Horizonte,
2024-02-11,Palmawasi,
2024-02-11,Shanuzi,
2024-02-12,Nuevo Horizonte,17.0
2024-02-12,Palmawasi,13.583332000000002
2024-02-12,Shanuzi,12.418000000000001
2024-02-13,Nuevo Horizonte,17.0
2024-02-13,Palmawasi,13.383332000000001
2024-02-13,Shanuzi,13.094
2024-02-14,Nuevo Horizonte,16.0
2024-02-14,Palmawasi,13.058332000000002
2024-02-14,Shanuzi,14.351999999999999
2024-02-15,Nuevo Horizonte,16.0
2024-02-15,Palmawasi,12.966664
2024-02-15,Shanuzi,13.398
2024-02-16,Nuevo Horizonte,15.0
2024-02-16,Palmawasi,13.033330000000001
2024-02-16,Shanuzi,14.372
2024-02-17,Nuevo Horizonte,15.0
2024-02-17,Palmawasi,12.899995999999998
2024-02-17,Shanuzi,14.13
2024-02-18,Nuevo Horizonte,
2024-02-18,Palmawasi,
2024-02-18,Shanuzi,
2024-02-19,Nuevo Horizonte,10.0
2024-02-19,Palmawasi,14.299997999999999
2024-02-19,Shanuzi,13.3
2024-02-20,Nuevo Horizonte,17.0
2024-02-20,Palmawasi,13.899998
2024-02-20,Shanuzi,12.878
2024-02-21,Nuevo Horizonte,17.0
2024-02-21,Palmawasi,13.833332000000002
2024-02-21,Shanuzi,11.222
2024-02-22,Nuevo Horizonte,17.0
2024-02-22,Palmawasi,14.266666
2024-02-22,Shanuzi,12.3
2024-02-23,Nuevo Horizonte,17.0
2024-02-23,Palmawasi,13.683330000000002
2024-02-23,Shanuzi,13.0
2024-02-24,Nuevo Horizonte,17.0
2024-02-24,Palmawasi,13.83333
2024-02-24,Shanuzi,10.988
2024-02-25,Nuevo Horizonte,
2024-02-25,Palmawasi,
2024-02-25,Shanuzi,
2024-02-26,Nuevo Horizonte,19.0
2024-02-26,Palmawasi,15.066664
2024-02-26,Shanuzi,10.452
2024-02-27,Nuevo Horizonte,19.0
2024-02-27,Palmawasi,14.866664
2024-02-27,Shanuzi,10.51
2024-02-28,Nuevo Horizonte,19.0
2024-02-28,Palmawasi,14.999998
2024-02-28,Shanuzi,9.82
2024-02-29,Nuevo Horizonte,18.0
2024-02-29,Palmawasi,14.833332000000002
2024-02-29,Shanuzi,9.942
2024-03-01,Nuevo Horizonte,10.0
2024-03-01,Palmawasi,14.766664
2024-03-01,Shanuzi,9.716
2024-03-02,Nuevo Horizonte,18.0
2024-03-02,Palmawasi,15.033332000000001
2024-03-02,Shanuzi,
2024-03-03,Nuevo Horizonte,
2024-03-03,Palmawasi,
2024-03-03,Shanuzi,
2024-03-04,Nuevo Horizonte,19.0
2024-03-04,Palmawasi,15.433332000000002
2024-03-04,Shanuzi,
2024-03-05,Nuevo Horizonte,19.0
2024-03-05,Palmawasi,15.199997999999999
2024-03-05,Shanuzi,11.425999999999998
2024-03-06,Nuevo Horizonte,20.0
2024-03-06,Palmawasi,16.066664
2024-03-06,Shanuzi,11.854
2024-03-07,Nuevo Horizonte,20.0
2024-03-07,Palmawasi,15.033332000000001
2024-03-07,Shanuzi,12.346
2024-03-08,Nuevo Horizonte,21.0
2024-03-08,Palmawasi,14.899998
2024-03-08,Shanuzi,12.175999999999998
2024-03-09,Nuevo Horizonte,17.0
2024-03-09,Palmawasi,15.066664
2024-03-09,Shanuzi,11.886
2024-03-10,Nuevo Horizonte,
2024-03-10,Palmawasi,
2024-03-10,Shanuzi,
2024-03-11,Nuevo Horizonte,18.0
2024-03-11,Palmawasi,15.499996
2024-03-11,Shanuzi,11.904
2024-03-12,Nuevo Horizonte,16.0
2024-03-12,Palmawasi,16.43333
2024-03-12,Shanuzi,12.406
2024-03-13,Nuevo Horizonte,10.0
2024-03-13,Palmawasi,17.166662
2024-03-13,Shanuzi,12.25
2024-03-14,Nuevo Horizonte,16.0
2024-03-14,Palmawasi,17.03333
2024-03-14,Shanuzi,12.546000000000001
2024-03-15,Nuevo Horizonte,15.0
2024-03-15,Palmawasi,16.466664
2024-03-15,Shanuzi,9.534
2024-03-16,Nuevo Horizonte,15.0
2024-03-16,Palmawasi,16.299996
2024-03-16,Shanuzi,12.618
2024-03-17,Nuevo Horizonte,
2024-03-17,Palmawasi,
2024-03-17,Shanuzi,13.67
2024-03-18,Nuevo Horizonte,14.0
2024-03-18,Palmawasi,17.166666
2024-03-18,Shanuzi,12.52
2024-03-19,Nuevo Horizonte,13.0
2024-03-19,Palmawasi,15.966664
2024-03-19,Shanuzi,12.082
2024-03-20,Nuevo Horizonte,13.0
2024-03-20,Palmawasi,15.499998
2024-03-20,Shanuzi,9.756
2024-03-21,Nuevo Horizonte,13.0
2024-03-21,Palmawasi,15.599995999999999
2024-03-21,Shanuzi,11.416
2024-03-22,Nuevo Horizonte,11.0
2024-03-22,Palmawasi,14.599998
2024-03-22,Shanuzi,10.940000000000001
2024-03-23,Nuevo Horizonte,10.0
2024-03-23,Palmawasi,13.699997999999999
2024-03-23,Shanuzi,10.72
2024-03-24,Nuevo Horizonte,
2024-03-24,Palmawasi,
2024-03-24,Shanuzi,
2024-03-25,Nuevo Horizonte,14.0
2024-03-25,Palmawasi,14.73333
2024-03-25,Shanuzi,10.45
2024-03-26,Nuevo Horizonte,14.0
2024-03-26,Palmawasi,14.199997999999999
2024-03-26,Shanuzi,11.306000000000001
2024-03-27,Nuevo Horizonte,14.0
2024-03-27,Palmawasi,13.966664
2024-03-27,Shanuzi,11.290000000000001
2024-03-28,Nuevo Horizonte,14.0
2024-03-28,Palmawasi,13.599998
2024-03-28,Shanuzi,11.486
2024-03-29,Nuevo Horizonte,
2024-03-29,Palmawasi,
2024-03-29,Shanuzi,
2024-03-30,Nuevo Horizonte,
2024-03-30,Palmawasi,
2024-03-30,Shanuzi,
2024-03-31,Nuevo Horizonte,
2024-03-31,Palmawasi,
2024-03-31,Shanuzi,
2024-04-01,Nuevo Horizonte,17.0
2024-04-01,Palmawasi,15.766662
2024-04-01,Shanuzi,12.6
2024-04-02,Nuevo Horizonte,17.0
2024-04-02,Palmawasi,16.53333
2024-04-02,Shanuzi,13.152000000000001
2024-04-03,Nuevo Horizonte,10.0
2024-04-03,Palmawasi,16.466664
2024-04-03,Shanuzi,13.154
2024-04-04,Nuevo Horizonte,17.0
2024-04-04,Palmawasi,16.099998
2024-04-04,Shanuzi,13.074000000000002
2024-04-05,Nuevo Horizonte,17.0
2024-04-05,Palmawasi,16.266664
2024-04-05,Shanuzi,13.081999999999999
2024-04-06,Nuevo Horizonte,17.0
2024-04-06,Palmawasi,16.099998
2024-04-06,Shanuzi,12.244
2024-04-07,Nuevo Horizonte,
2024-04-07,Palmawasi,
2024-04-07,Shanuzi,
2024-04-08,Nuevo Horizonte,19.0
2024-04-08,Palmawasi,17.333332000000002
2024-04-08,Shanuzi,13.080000000000002
2024-04-09,Nuevo Horizonte,19.0
2024-04-09,Palmawasi,17.066664
2024-04-09,Shanuzi,13.084
2024-04-10,Nuevo Horizonte,19.0
2024-04-10,Palmawasi,16.899995999999998
2024-04-10,Shanuzi,12.936000000000002
2024-04-11,Nuevo Horizonte,17.0
2024-04-11,Palmawasi,16.633332000000003
2024-04-11,Shanuzi,12.553999999999998
2024-04-12,Nuevo Horizonte,17.0
2024-04-12,Palmawasi,15.966664
2024-04-12,Shanuzi,11.722
2024-04-13,Nuevo Horizonte,17.0
2024-04-13,Palmawasi,15.799997999999999
2024-04-13,Shanuzi,11.854000000000001
2024-04-14,Nuevo Horizonte,
2024-04-14,Palmawasi,
2024-04-14,Shanuzi,
2024-04-15,Nuevo Horizonte,11.0
2024-04-15,Palmawasi,16.333332000000002
2024-04-15,Shanuzi,11.338
2024-04-16,Nuevo Horizonte,15.0
2024-04-16,Palmawasi,15.799997999999999
2024-04-16,Shanuzi,11.658
2024-04-17,Nuevo Horizonte,15.0
2024-04-17,Palmawasi,22.299996
2024-04-17,Shanuzi,11.778
2024-04-18,Nuevo Horizonte,13.0
2024-04-18,Palmawasi,15.633332000000001
2024-04-18,Shanuzi,11.172
2024-04-19,Nuevo Horizonte,12.0
2024-04-19,Palmawasi,14.666664
2024-04-19,Shanuzi,9.9
2024-04-20,Nuevo Horizonte,12.0
2024-04-20,Palmawasi,14.033330000000001
2024-04-20,Shanuzi,10.892
2024-04-21,Nuevo Horizonte,
2024-04-21,Palmawasi,
2024-04-21,Shanuzi,
2024-04-22,Nuevo Horizonte,13.0
2024-04-22,Palmawasi,15.533330000000001
2024-04-22,Shanuzi,10.4
2024-04-23,Nuevo Horizonte,13.0
2024-04-23,Palmawasi,15.23333
2024-04-23,Shanuzi,10.596
2024-04-24,Nuevo Horizonte,13.0
2024-04-24,Palmawasi,14.433328
2024-04-24,Shanuzi,10.986
2024-04-25,Nuevo Horizonte,13.0
2024-04-25,Palmawasi,13.999998
2024-04-25,Shanuzi,10.068000000000001
2024-04-26,Nuevo Horizonte,10.0
2024-04-26,Palmawasi,13.766666
2024-04-26,Shanuzi,8.868
2024-04-27,Nuevo Horizonte,11.0
2024-04-27,Palmawasi,13.666666000000001
2024-04-27,Shanuzi,10.784
2024-04-28,Nuevo Horizonte,
2024-04-28,Palmawasi,
2024-04-28,Shanuzi,
2024-04-29,Nuevo Horizonte,14.0
2024-04-29,Palmawasi,14.799997999999999
2024-04-29,Shanuzi,10.931999999999999
2024-04-30,Nuevo Horizonte,14.0
2024-04-30,Palmawasi,13.933330000000002
2024-04-30,Shanuzi,10.53
2024-05-01,Nuevo Horizonte,
2024-05-01,Palmawasi,
2024-05-01,Shanuzi,10.416
2024-05-02,Nuevo Horizonte,15.0
2024-05-02,Palmawasi,14.866664
2024-05-02,Shanuzi,10.918000000000001
2024-05-03,Nuevo Horizonte,15.0
2024-05-03,Palmawasi,15.133332000000001
2024-05-03,Shanuzi,10.5
2024-05-04,Nuevo Horizonte,15.0
2024-05-04,Palmawasi,14.899998
2024-05-04,Shanuzi,
2024-05-05,Nuevo Horizonte,
2024-05-05,Palmawasi,
2024-05-05,Shanuzi,
2024-05-06,Nuevo Horizonte,10.0
2024-05-06,Palmawasi,16.133332000000003
2024-05-06,Shanuzi,11.546000000000001
2024-05-07,Nuevo Horizonte,18.0
2024-05-07,Palmawasi,16.066664
2024-05-07,Shanuzi,11.6
2024-05-08,Nuevo Horizonte,18.0
2024-05-08,Palmawasi,15.766664
2024-05-08,Shanuzi,12.18
2024-05-09,Nuevo Horizonte,16.0
2024-05-09,Palmawasi,15.533330000000001
2024-05-09,Shanuzi,12.2
2024-05-10,Nuevo Horizonte,16.0
2024-05-10,Palmawasi,15.299995999999998
2024-05-10,Shanuzi,12.28
2024-05-11,Nuevo Horizonte,16.0
2024-05-11,Palmawasi,15.299995999999998
2024-05-11,Shanuzi,11.9
2024-05-12,Nuevo Horizonte,
2024-05-12,Palmawasi,
2024-05-12,Shanuzi,
2024-05-13,Nuevo Horizonte,18.0
2024-05-13,Palmawasi,16.533332
2024-05-13,Shanuzi,12.384
2024-05-14,Nuevo Horizonte,16.0
2024-05-14,Palmawasi,16.266662
2024-05-14,Shanuzi,10.452
2024-05-15,Nuevo Horizonte,15.0
2024-05-15,Palmawasi,16.199996
2024-05-15,Shanuzi,11.086
2024-05-16,Nuevo Horizonte,10.0
2024-05-16,Palmawasi,16.133332000000003
2024-05-16,Shanuzi,12.568000000000001
2024-05-17,Nuevo Horizonte,15.0
2024-05-17,Palmawasi,15.999998
2024-05-17,Shanuzi,12.484
2024-05-18,Nuevo Horizonte,15.0
2024-05-18,Palmawasi,15.83333
2024-05-18,Shanuzi,13.578
2024-05-19,Nuevo Horizonte,
2024-05-19,Palmawasi,
2024-05-19,Shanuzi,
2024-05-20,Nuevo Horizonte,16.0
2024-05-20,Palmawasi,16.666664
2024-05-20,Shanuzi,14.431999999999999
2024-05-21,Nuevo Horizonte,14.0
2024-05-21,Palmawasi,16.13333
2024-05-21,Shanuzi,12.484
2024-05-22,Nuevo Horizonte,14.0
2024-05-22,Palmawasi,15.63333
2024-05-22,Shanuzi,12.72
2024-05-23,Nuevo Horizonte,14.0
2024-05-23,Palmawasi,15.299997999999999
2024-05-23,Shanuzi,13.185714
2024-05-24,Nuevo Horizonte,14.0
2024-05-24,Palmawasi,14.699997999999999
2024-05-24,Shanuzi,13.025972000000001
2024-05-25,Nuevo Horizonte,14.0
2024-05-25,Palmawasi,14.566666000000001
2024-05-25,Shanuzi,12.094998
2024-05-26,Nuevo Horizonte,
2024-05-26,Palmawasi,
2024-05-26,Shanuzi,
2024-05-27,Nuevo Horizonte,10.0
2024-05-27,Palmawasi,15.333332000000002
2024-05-27,Shanuzi,12.327142
2024-05-28,Nuevo Horizonte,16.0
2024-05-28,Palmawasi,15.299997999999999
2024-05-28,Shanuzi,14.15
2024-05-29,Nuevo Horizonte,16.0
2024-05-29,Palmawasi,15.166661999999999
2024-05-29,Shanuzi,13.448888
2024-05-30,Nuevo Horizonte,16.0
2024-05-30,Palmawasi,14.966662
2024-05-30,Shanuzi,14.01
2024-05-31,Nuevo Horizonte,16.0
2024-05-31,Palmawasi,14.466666
2024-05-31,Shanuzi,14.01
2024-06-01,Nuevo Horizonte,16.0
2024-06-01,Palmawasi,14.033330000000001
2024-06-01,Shanuzi,
2024-06-02,Nuevo Horizonte,
2024-06-02,Palmawasi,
2024-06-02,Shanuzi,
2024-06-03,Nuevo Horizonte,16.0
2024-06-03,Palmawasi,15.199995999999999
2024-06-03,Shanuzi,14.678092000000001
2024-06-04,Nuevo Horizonte,15.0
2024-06-04,Palmawasi,14.933330000000002
2024-06-04,Shanuzi,14.51
2024-06-05,Nuevo Horizonte,15.0
2024-06-05,Palmawasi,14.466664
2024-06-05,Shanuzi,16.628
2024-06-06,Nuevo Horizonte,15.0
2024-06-06,Palmawasi,14.299997999999999
2024-06-06,Shanuzi,17.318
2024-06-07,Nuevo Horizonte,15.0
2024-06-07,Palmawasi,13.999998
2024-06-07,Shanuzi,17.66
2024-06-08,Nuevo Horizonte,
2024-06-08,Palmawasi,
2024-06-08,Shanuzi,17.436
2024-06-09,Nuevo Horizonte,
2024-06-09,Palmawasi,
2024-06-09,Shanuzi,
2024-06-10,Nuevo Horizonte,14.0
2024-06-10,Palmawasi,15.9
2024-06-10,Shanuzi,17.4
2024-06-11,Nuevo Horizonte,18.0
2024-06-11,Palmawasi,15.566664
2024-06-11,Shanuzi,18.524
2024-06-12,Nuevo Horizonte,18.0
2024-06-12,Palmawasi,15.73333
2024-06-12,Shanuzi,17.226
2024-06-13,Nuevo Horizonte,16.0
2024-06-13,Palmawasi,15.399995999999998
2024-06-13,Shanuzi,16.476
2024-06-14,Nuevo Horizonte,15.0
2024-06-14,Palmawasi,15.266664
2024-06-14,Shanuzi,16.625999999999998
2024-06-15,Nuevo Horizonte,15.0
2024-06-15,Palmawasi,15.066664
2024-06-15,Shanuzi,17.214
2024-06-16,Nuevo Horizonte,
2024-06-16,Palmawasi,
2024-06-16,Shanuzi,
2024-06-17,Nuevo Horizonte,16.0
2024-06-17,Palmawasi,16.166664
2024-06-17,Shanuzi,18.334
2024-06-18,Nuevo Horizonte,15.0
2024-06-18,Palmawasi,15.866664
2024-06-18,Shanuzi,18.598000000000003
2024-06-19,Nuevo Horizonte,15.0
2024-06-19,Palmawasi,15.599995999999999
2024-06-19,Shanuzi,17.302
2024-06-20,Nuevo Horizonte,15.0
2024-06-20,Palmawasi,15.533330000000001
2024-06-20,Shanuzi,16.992
2024-06-21,Nuevo Horizonte,15.0
2024-06-21,Palmawasi,15.799997999999999
2024-06-21,Shanuzi,16.588
2024-06-22,Nuevo Horizonte,12.0
2024-06-22,Palmawasi,15.466666
2024-06-22,Shanuzi,17.772
2024-06-23,Nuevo Horizonte,
2024-06-23,Palmawasi,
2024-06-23,Shanuzi,
2024-06-24,Nuevo Horizonte,
2024-06-24,Palmawasi,
2024-06-24,Shanuzi,16.913999999999998
2024-06-25,Nuevo Horizonte,15.0
2024-06-25,Palmawasi,17.299996
2024-06-25,Shanuzi,19.184
2024-06-26,Nuevo Horizonte,18.0
2024-06-26,Palmawasi,16.766664
2024-06-26,Shanuzi,18.845999999999997
2024-06-27,Nuevo Horizonte,16.0
2024-06-27,Palmawasi,16.433332
2024-06-27,Shanuzi,17.7
2024-06-28,Nuevo Horizonte,16.0
2024-06-28,Palmawasi,16.199998
2024-06-28,Shanuzi,15.059999999999999
2024-06-29,Nuevo Horizonte,16.0
2024-06-29,Palmawasi,15.833332000000002
2024-06-29,Shanuzi,
2024-06-30,Nuevo Horizonte,
2024-06-30,Palmawasi,
2024-06-30,Shanuzi,
2024-07-01,Nuevo Horizonte,17.0
2024-07-01,Palmawasi,16.8
2024-07-01,Shanuzi,17.105
2024-07-02,Nuevo Horizonte,17.0
2024-07-02,Palmawasi,16.9
2024-07-02,Shanuzi,17.226
2024-07-03,Nuevo Horizonte,16.0
2024-07-03,Palmawasi,23.133333333333333
2024-07-03,Shanuzi,17.566
2024-07-04,Nuevo Horizonte,11.0
2024-07-04,Palmawasi,22.866666666666667
2024-07-04,Shanuzi,17.818
2024-07-05,Nuevo Horizonte,16.0
2024-07-05,Palmawasi,18.53333333333333
2024-07-05,Shanuzi,16.884
2024-07-06,Nuevo Horizonte,15.0
2024-07-06,Palmawasi,18.43333333333333
2024-07-06,Shanuzi,16.598
2024-07-07,Nuevo Horizonte,0.0
2024-07-07,Palmawasi,0.0
2024-07-07,Shanuzi,
2024-07-08,Nuevo Horizonte,13.0
2024-07-08,Palmawasi,15.9
2024-07-08,Shanuzi,17.734
2024-07-09,Shanuzi,17.307499999999997
