FECHA,PLANTACION,TIPO_PERDIDA,COSECHA TM,PERDIDA TM
2021-01-02 00:00:00,Palmawasi,Cosecha puesto,663.0,4.39
2021-01-04 00:00:00,Palmawasi,Cosecha puesto,766.0,3.83
2021-01-05 00:00:00,Palmawasi,Cosecha puesto,132.0,0.17
2021-01-06 00:00:00,Palmawasi,Cosecha puesto,1795.0,20.76
2021-01-07 00:00:00,Palmawasi,Cosecha puesto,897.0,14.319999999999999
2021-01-08 00:00:00,Palmawasi,Cosecha puesto,2489.0,62.72
2021-01-09 00:00:00,Palmawasi,Cosecha puesto,714.0,3.1399999999999997
2021-01-11 00:00:00,Palmawasi,Cosecha puesto,1798.0,42.74
2021-01-12 00:00:00,Palmawasi,Cosecha puesto,1882.0,50.11
2021-01-13 00:00:00,Palmawasi,Cosecha puesto,1654.0,13.08
2021-01-14 00:00:00,Palmawasi,Cosecha puesto,1244.0,3.08
2021-01-15 00:00:00,Palmawasi,Cosecha puesto,2485.0,55.690000000000005
2021-01-18 00:00:00,Nuevo Horizonte,Cosecha puesto,38.0,0.06
2021-01-18 00:00:00,Palmawasi,Cosecha puesto,2857.0,57.379999999999995
2021-01-19 00:00:00,Palmawasi,Cosecha puesto,2253.0,16.74
2021-01-20 00:00:00,Nuevo Horizonte,Cosecha puesto,66.0,0.14
2021-01-20 00:00:00,Palmawasi,Cosecha puesto,4377.0,37.11
2021-01-21 00:00:00,Palmawasi,Cosecha puesto,2742.0,35.53
2021-01-22 00:00:00,Palmawasi,Cosecha puesto,4452.0,33.9
2021-01-23 00:00:00,Palmawasi,Cosecha puesto,545.0,5.500000000000001
2021-01-24 00:00:00,Palmawasi,Cosecha puesto,184.0,0.4
2021-01-25 00:00:00,Palmawasi,Cosecha puesto,2988.0,25.479999999999997
2021-01-26 00:00:00,Palmawasi,Cosecha puesto,1931.0,4.01
2021-01-27 00:00:00,Nuevo Horizonte,Cosecha puesto,32.0,0.06
2021-01-27 00:00:00,Palmawasi,Cosecha puesto,2132.0,81.08
2021-01-28 00:00:00,Palmawasi,Cosecha puesto,2942.0,3.5200000000000005
2021-01-29 00:00:00,Palmawasi,Cosecha puesto,2414.0,58.87
2021-01-30 00:00:00,Palmawasi,Cosecha puesto,1408.0,16.78
2021-02-01 00:00:00,Palmawasi,Cosecha puesto,1769.0,13.67
2021-02-03 00:00:00,Nuevo Horizonte,Cosecha puesto,33.0,0.03
2021-02-03 00:00:00,Palmawasi,Cosecha puesto,1730.0,18.02
2021-02-04 00:00:00,Palmawasi,Cosecha puesto,1458.0,2.43
2021-02-05 00:00:00,Palmawasi,Cosecha puesto,1928.0,13.32
2021-02-06 00:00:00,Nuevo Horizonte,Cosecha puesto,44.0,0.14
2021-02-06 00:00:00,Palmawasi,Cosecha puesto,1025.0,2.74
2021-02-08 00:00:00,Palmawasi,Cosecha puesto,1374.0,13.08
2021-02-10 00:00:00,Palmawasi,Cosecha puesto,1380.0,6.96
2021-02-11 00:00:00,Palmawasi,Cosecha puesto,1484.0,8.690000000000001
2021-02-12 00:00:00,Palmawasi,Cosecha puesto,1562.0,13.66
2021-02-13 00:00:00,Palmawasi,Cosecha puesto,1694.0,22.85
2021-02-15 00:00:00,Palmawasi,Cosecha puesto,1942.0,21.8
2021-02-16 00:00:00,Palmawasi,Cosecha puesto,1626.0,13.780000000000001
2021-02-17 00:00:00,Nuevo Horizonte,Cosecha puesto,50.0,0.12
2021-02-17 00:00:00,Palmawasi,Cosecha puesto,2382.0,21.619999999999997
2021-02-18 00:00:00,Palmawasi,Cosecha puesto,4606.0,24.14
2021-02-19 00:00:00,Palmawasi,Cosecha puesto,2866.0,26.3
2021-02-20 00:00:00,Nuevo Horizonte,Cosecha puesto,66.0,0.14
2021-02-20 00:00:00,Palmawasi,Cosecha puesto,1898.0,30.8
2021-02-22 00:00:00,Palmawasi,Cosecha puesto,1888.0,13.86
2021-02-23 00:00:00,Palmawasi,Cosecha puesto,1690.0,17.2
2021-02-24 00:00:00,Palmawasi,Cosecha puesto,1524.0,15.14
2021-02-25 00:00:00,Palmawasi,Cosecha puesto,2040.0,7.68
2021-02-26 00:00:00,Palmawasi,Cosecha puesto,1406.0,7.16
2021-02-27 00:00:00,Palmawasi,Cosecha puesto,622.0,5.44
2021-03-01 00:00:00,Palmawasi,Cosecha puesto,1315.0,18.94
2021-03-02 00:00:00,Nuevo Horizonte,Cosecha puesto,56.0,1.12
2021-03-02 00:00:00,Palmawasi,Cosecha puesto,1776.0,4.68
2021-03-03 00:00:00,Palmawasi,Cosecha puesto,1868.0,7.94
2021-03-04 00:00:00,Palmawasi,Cosecha puesto,2940.0,33.9
2021-03-05 00:00:00,Palmawasi,Cosecha puesto,1408.0,40.2
2021-03-08 00:00:00,Palmawasi,Cosecha puesto,2709.0,25.21
2021-03-09 00:00:00,Palmawasi,Cosecha puesto,1336.0,9.799999999999999
2021-03-10 00:00:00,Nuevo Horizonte,Cosecha puesto,82.0,0.2
2021-03-10 00:00:00,Palmawasi,Cosecha puesto,1240.0,28.66
2021-03-11 00:00:00,Palmawasi,Cosecha puesto,420.0,3.21
2021-03-12 00:00:00,Palmawasi,Cosecha puesto,1213.0,13.65
2021-03-15 00:00:00,Palmawasi,Cosecha puesto,1916.0,14.88
2021-03-16 00:00:00,Palmawasi,Cosecha puesto,1484.0,10.38
2021-03-17 00:00:00,Palmawasi,Cosecha puesto,1448.0,14.54
2021-03-18 00:00:00,Palmawasi,Cosecha puesto,1336.0,24.77
2021-03-19 00:00:00,Palmawasi,Cosecha puesto,1928.0,27.54
2021-03-22 00:00:00,Nuevo Horizonte,Cosecha puesto,70.0,0.18
2021-03-22 00:00:00,Palmawasi,Cosecha puesto,1470.0,29.38
2021-03-23 00:00:00,Palmawasi,Cosecha puesto,3319.0,37.26
2021-03-24 00:00:00,Palmawasi,Cosecha puesto,1466.0,2.68
2021-03-25 00:00:00,Palmawasi,Cosecha puesto,2110.0,47.96
2021-03-26 00:00:00,Palmawasi,Cosecha puesto,1658.0,15.72
2021-03-27 00:00:00,Palmawasi,Cosecha puesto,1670.0,45.86
2021-03-29 00:00:00,Palmawasi,Cosecha puesto,1788.0,4.64
2021-03-31 00:00:00,Palmawasi,Cosecha puesto,1562.0,4.04
2021-04-05 00:00:00,Palmawasi,Cosecha puesto,3040.0,24.119999999999997
2021-04-06 00:00:00,Palmawasi,Cosecha puesto,2367.0,11.31
2021-04-07 00:00:00,Palmawasi,Cosecha puesto,1316.0,25.32
2021-04-08 00:00:00,Palmawasi,Cosecha puesto,2154.0,43.44
2021-04-09 00:00:00,Palmawasi,Cosecha puesto,1498.0,23.200000000000003
2021-04-10 00:00:00,Nuevo Horizonte,Cosecha puesto,128.0,0.28
2021-04-10 00:00:00,Palmawasi,Cosecha puesto,260.0,3.32
2021-04-12 00:00:00,Palmawasi,Cosecha puesto,1858.0,16.24
2021-04-13 00:00:00,Palmawasi,Cosecha puesto,1280.0,72.03
2021-04-14 00:00:00,Palmawasi,Cosecha puesto,1120.0,17.46
2021-04-15 00:00:00,Palmawasi,Cosecha puesto,1524.0,31.580000000000002
2021-04-16 00:00:00,Palmawasi,Cosecha puesto,1474.0,8.2
2021-04-17 00:00:00,Palmawasi,Cosecha puesto,411.0,4.67
2021-04-19 00:00:00,Palmawasi,Cosecha puesto,596.0,15.92
2021-04-20 00:00:00,Palmawasi,Cosecha puesto,2286.0,25.85
2021-04-21 00:00:00,Palmawasi,Cosecha puesto,1546.0,3.12
2021-04-22 00:00:00,Palmawasi,Cosecha puesto,1430.0,13.66
2021-04-23 00:00:00,Palmawasi,Cosecha puesto,1994.0,8.26
2021-04-24 00:00:00,Palmawasi,Cosecha puesto,1430.0,25.98
2021-04-26 00:00:00,Palmawasi,Cosecha puesto,1108.0,9.64
2021-04-27 00:00:00,Palmawasi,Cosecha puesto,756.0,2.2800000000000002
2021-04-28 00:00:00,Palmawasi,Cosecha puesto,1550.0,16.12
2021-04-29 00:00:00,Palmawasi,Cosecha puesto,1157.0,8.1
2021-05-03 00:00:00,Palmawasi,Cosecha puesto,3067.0,12.120000000000001
2021-05-04 00:00:00,Palmawasi,Cosecha puesto,1357.0,25.009999999999998
2021-05-05 00:00:00,Palmawasi,Cosecha puesto,1416.0,3.7199999999999998
2021-05-06 00:00:00,Palmawasi,Cosecha puesto,1448.0,14.06
2021-05-07 00:00:00,Nuevo Horizonte,Cosecha puesto,76.0,0.04
2021-05-07 00:00:00,Palmawasi,Cosecha puesto,3212.0,59.31
2021-05-08 00:00:00,Palmawasi,Cosecha puesto,452.0,0.36
2021-05-11 00:00:00,Palmawasi,Cosecha puesto,1140.0,3.2800000000000002
2021-05-13 00:00:00,Palmawasi,Cosecha puesto,1164.0,2.2199999999999998
2021-05-14 00:00:00,Palmawasi,Cosecha puesto,1294.0,9.76
2021-05-15 00:00:00,Palmawasi,Cosecha puesto,2014.0,11.36
2021-05-17 00:00:00,Palmawasi,Cosecha puesto,1133.0,10.5
2021-05-18 00:00:00,Palmawasi,Cosecha puesto,1030.0,7.569999999999999
2021-05-19 00:00:00,Palmawasi,Cosecha puesto,1555.0,3.28
2021-05-20 00:00:00,Palmawasi,Cosecha puesto,1396.0,14.809999999999999
2021-05-21 00:00:00,Palmawasi,Cosecha puesto,2074.0,9.84
2021-05-22 00:00:00,Palmawasi,Cosecha puesto,1328.0,14.32
2021-05-24 00:00:00,Nuevo Horizonte,Cosecha puesto,54.0,0.02
2021-05-24 00:00:00,Palmawasi,Cosecha puesto,1376.0,12.92
2021-05-25 00:00:00,Palmawasi,Cosecha puesto,1468.0,2.44
2021-05-27 00:00:00,Palmawasi,Cosecha puesto,0.0,0.0
2021-05-29 00:00:00,Palmawasi,Cosecha puesto,1091.0,21.4
2021-05-31 00:00:00,Palmawasi,Cosecha puesto,1574.0,2.48
2021-06-01 00:00:00,Nuevo Horizonte,Cosecha puesto,42.0,0.04
2021-06-01 00:00:00,Palmawasi,Cosecha puesto,1088.0,6.84
2021-06-02 00:00:00,Palmawasi,Cosecha puesto,1301.0,10.77
2021-06-04 00:00:00,Palmawasi,Cosecha puesto,958.0,10.120000000000001
2021-06-05 00:00:00,Palmawasi,Cosecha puesto,432.0,5.1000000000000005
2021-06-08 00:00:00,Palmawasi,Cosecha puesto,1162.0,2.02
2021-06-09 00:00:00,Palmawasi,Cosecha puesto,1364.0,2.02
2021-06-10 00:00:00,Palmawasi,Cosecha puesto,585.0,0.63
2021-06-11 00:00:00,Palmawasi,Cosecha puesto,1213.0,10.11
2021-06-12 00:00:00,Palmawasi,Cosecha puesto,982.0,2.02
2021-06-15 00:00:00,Palmawasi,Cosecha puesto,1501.0,1.48
2021-06-19 00:00:00,Nuevo Horizonte,Cosecha puesto,56.0,0.08
2021-06-19 00:00:00,Palmawasi,Cosecha puesto,1440.0,18.419999999999998
2021-06-21 00:00:00,Palmawasi,Cosecha puesto,1568.0,1.52
2021-06-23 00:00:00,Palmawasi,Cosecha puesto,1194.0,4.08
2021-06-24 00:00:00,Palmawasi,Cosecha puesto,526.0,4.61
2021-06-25 00:00:00,Palmawasi,Cosecha puesto,811.0,7.069999999999999
2021-06-28 00:00:00,Palmawasi,Cosecha puesto,638.0,6.6899999999999995
2021-06-29 00:00:00,Palmawasi,Cosecha puesto,722.0,1.6400000000000001
2021-06-30 00:00:00,Palmawasi,Cosecha puesto,780.0,6.55
2021-07-02 00:00:00,Palmawasi,Cosecha puesto,760.0,15.64
2021-07-03 00:00:00,Palmawasi,Cosecha puesto,513.0,0.8600000000000001
2021-07-05 00:00:00,Palmawasi,Cosecha puesto,575.0,4.39
2021-07-06 00:00:00,Palmawasi,Cosecha puesto,818.0,2.06
2021-07-07 00:00:00,Nuevo Horizonte,Cosecha puesto,56.0,0.06
2021-07-07 00:00:00,Palmawasi,Cosecha puesto,164.0,0.38
2021-07-08 00:00:00,Palmawasi,Cosecha puesto,694.0,19.83
2021-07-09 00:00:00,Palmawasi,Cosecha puesto,640.0,1.35
2021-07-10 00:00:00,Palmawasi,Cosecha puesto,493.0,8.19
2021-07-12 00:00:00,Palmawasi,Cosecha puesto,560.0,1.85
2021-07-13 00:00:00,Palmawasi,Cosecha puesto,528.0,1.15
2021-07-14 00:00:00,Palmawasi,Cosecha puesto,688.0,6.29
2021-07-15 00:00:00,Palmawasi,Cosecha puesto,664.0,3.77
2021-07-16 00:00:00,Palmawasi,Cosecha puesto,336.0,5.58
2021-07-17 00:00:00,Palmawasi,Cosecha puesto,191.0,0.68
2021-07-21 00:00:00,Palmawasi,Cosecha puesto,769.0,3.4
2021-07-22 00:00:00,Palmawasi,Cosecha puesto,589.0,6.46
2021-07-23 00:00:00,Palmawasi,Cosecha puesto,922.0,3.1799999999999997
2021-07-24 00:00:00,Palmawasi,Cosecha puesto,446.0,10.11
2021-07-26 00:00:00,Palmawasi,Cosecha puesto,604.0,13.239999999999998
2021-07-27 00:00:00,Palmawasi,Cosecha puesto,659.0,12.46
2021-07-29 00:00:00,Palmawasi,Cosecha puesto,1011.0,3.1
2021-08-02 00:00:00,Palmawasi,Cosecha puesto,558.0,7.68
2021-08-03 00:00:00,Palmawasi,Cosecha puesto,1298.0,18.060000000000002
2021-08-04 00:00:00,Palmawasi,Cosecha puesto,530.0,1.79
2021-08-05 00:00:00,Palmawasi,Cosecha puesto,640.0,5.93
2021-08-06 00:00:00,Palmawasi,Cosecha puesto,585.0,3.85
2021-08-07 00:00:00,Palmawasi,Cosecha puesto,479.0,1.77
2021-08-09 00:00:00,Palmawasi,Cosecha puesto,523.0,3.12
2021-08-10 00:00:00,Nuevo Horizonte,Cosecha puesto,46.0,0.04
2021-08-10 00:00:00,Palmawasi,Cosecha puesto,616.0,5.64
2021-08-11 00:00:00,Palmawasi,Cosecha puesto,522.0,1.19
2021-08-12 00:00:00,Palmawasi,Cosecha puesto,750.0,44.9
2021-08-13 00:00:00,Palmawasi,Cosecha puesto,716.0,6.47
2021-08-14 00:00:00,Palmawasi,Cosecha puesto,702.0,2.52
2021-08-16 00:00:00,Palmawasi,Cosecha puesto,672.0,20.57
2021-08-17 00:00:00,Palmawasi,Cosecha puesto,885.0,8.51
2021-08-19 00:00:00,Palmawasi,Cosecha puesto,667.0,3.59
2021-08-20 00:00:00,Palmawasi,Cosecha puesto,275.0,0.51
2021-08-21 00:00:00,Palmawasi,Cosecha puesto,542.0,1.61
2021-08-23 00:00:00,Palmawasi,Cosecha puesto,712.0,0.93
2021-08-24 00:00:00,Palmawasi,Cosecha puesto,531.0,18.630000000000003
2021-08-25 00:00:00,Palmawasi,Cosecha puesto,414.0,3.85
2021-08-26 00:00:00,Palmawasi,Cosecha puesto,516.0,1.54
2021-08-27 00:00:00,Palmawasi,Cosecha puesto,519.0,2.01
2021-08-31 00:00:00,Palmawasi,Cosecha puesto,799.0,3.12
2021-09-01 00:00:00,Palmawasi,Cosecha puesto,619.0,1.72
2021-09-02 00:00:00,Palmawasi,Cosecha puesto,634.0,1.78
2021-09-03 00:00:00,Palmawasi,Cosecha puesto,615.0,4.89
2021-09-04 00:00:00,Palmawasi,Cosecha puesto,567.0,1.7999999999999998
2021-09-06 00:00:00,Palmawasi,Cosecha puesto,499.0,0.89
2021-09-08 00:00:00,Palmawasi,Cosecha puesto,722.0,3.09
2021-09-10 00:00:00,Palmawasi,Cosecha puesto,619.0,3.95
2021-09-11 00:00:00,Palmawasi,Cosecha puesto,897.0,2.04
2021-09-13 00:00:00,Palmawasi,Cosecha puesto,661.0,3.56
2021-09-15 00:00:00,Palmawasi,Cosecha puesto,648.0,7.8999999999999995
2021-09-16 00:00:00,Palmawasi,Cosecha puesto,989.0,7.15
2021-09-18 00:00:00,Palmawasi,Cosecha puesto,841.0,6.22
2021-09-20 00:00:00,Palmawasi,Cosecha puesto,185.0,0.54
2021-09-22 00:00:00,Palmawasi,Cosecha puesto,617.0,10.879999999999999
2021-09-24 00:00:00,Palmawasi,Cosecha puesto,814.0,3.4000000000000004
2021-09-25 00:00:00,Palmawasi,Cosecha puesto,1628.0,5.3100000000000005
2021-09-27 00:00:00,Palmawasi,Cosecha puesto,791.0,4.62
2021-09-28 00:00:00,Palmawasi,Cosecha puesto,811.0,36.489999999999995
2021-10-01 00:00:00,Palmawasi,Cosecha puesto,811.0,5.28
2021-10-04 00:00:00,Palmawasi,Cosecha puesto,658.0,4.02
2021-10-05 00:00:00,Palmawasi,Cosecha puesto,746.0,4.65
2021-10-06 00:00:00,Palmawasi,Cosecha puesto,585.0,6.32
2021-10-08 00:00:00,Palmawasi,Cosecha puesto,668.0,0.97
2021-10-11 00:00:00,Palmawasi,Cosecha puesto,950.0,12.66
2021-10-12 00:00:00,Palmawasi,Cosecha puesto,888.0,9.39
2021-10-15 00:00:00,Palmawasi,Cosecha puesto,779.0,5.17
2021-10-16 00:00:00,Palmawasi,Cosecha puesto,756.0,16.1
2021-10-19 00:00:00,Palmawasi,Cosecha puesto,1085.0,5.460000000000001
2021-10-20 00:00:00,Palmawasi,Cosecha puesto,570.0,1.8
2021-10-22 00:00:00,Palmawasi,Cosecha puesto,992.0,2.63
2021-10-25 00:00:00,Palmawasi,Cosecha puesto,1812.0,13.93
2021-10-26 00:00:00,Palmawasi,Cosecha puesto,783.0,2.93
2021-10-27 00:00:00,Palmawasi,Cosecha puesto,1160.0,6.31
2021-10-29 00:00:00,Palmawasi,Cosecha puesto,1037.0,8.69
2021-11-02 00:00:00,Palmawasi,Cosecha puesto,798.0,7.02
2021-11-03 00:00:00,Palmawasi,Cosecha puesto,566.0,11.57
2021-11-06 00:00:00,Palmawasi,Cosecha puesto,981.0,27.6
2021-11-08 00:00:00,Palmawasi,Cosecha puesto,701.0,9.64
2021-11-09 00:00:00,Palmawasi,Cosecha puesto,913.0,6.08
2021-11-11 00:00:00,Palmawasi,Cosecha puesto,989.0,23.42
2021-11-13 00:00:00,Palmawasi,Cosecha puesto,657.0,12.67
2021-11-15 00:00:00,Palmawasi,Cosecha puesto,864.0,9.6
2021-11-17 00:00:00,Palmawasi,Cosecha puesto,1248.0,14.51
2021-11-18 00:00:00,Palmawasi,Cosecha puesto,881.0,12.870000000000001
2021-11-22 00:00:00,Palmawasi,Cosecha puesto,1008.0,10.7
2021-11-24 00:00:00,Palmawasi,Cosecha puesto,663.0,14.21
2021-11-25 00:00:00,Palmawasi,Cosecha puesto,1205.0,12.879999999999999
2021-11-26 00:00:00,Palmawasi,Cosecha puesto,1124.0,13.86
2021-11-27 00:00:00,Palmawasi,Cosecha puesto,625.0,10.61
2021-11-29 00:00:00,Palmawasi,Cosecha puesto,464.0,4.05
2021-11-30 00:00:00,Palmawasi,Cosecha puesto,745.0,16.150000000000002
2021-12-02 00:00:00,Palmawasi,Cosecha puesto,1014.0,4.78
2021-12-06 00:00:00,Palmawasi,Cosecha puesto,344.0,1.1400000000000001
2021-12-07 00:00:00,Palmawasi,Cosecha puesto,587.0,1.59
2021-12-20 00:00:00,Palmawasi,Cosecha puesto,699.0,5.01
2022-01-03 00:00:00,Palmawasi,Cosecha puesto,330.0,0.85
2022-01-04 00:00:00,Palmawasi,Cosecha puesto,420.0,1.06
2022-01-05 00:00:00,Palmawasi,Cosecha puesto,690.0,4.55
2022-01-06 00:00:00,Palmawasi,Cosecha puesto,641.0,0.54
2022-01-08 00:00:00,Palmawasi,Cosecha puesto,849.0,4.0
2022-01-12 00:00:00,Palmawasi,Cosecha puesto,494.5,3.32
2022-01-13 00:00:00,Palmawasi,Cosecha puesto,666.0,2.3
2022-01-14 00:00:00,Palmawasi,Cosecha puesto,683.0,3.09
2022-01-15 00:00:00,Palmawasi,Cosecha puesto,628.0,3.6399999999999997
2022-01-17 00:00:00,Palmawasi,Cosecha puesto,764.0,7.15
2022-01-18 00:00:00,Palmawasi,Cosecha puesto,693.0,3.67
2022-01-19 00:00:00,Palmawasi,Cosecha puesto,857.0,7.9399999999999995
2022-01-20 00:00:00,Palmawasi,Cosecha puesto,675.0,1.5699999999999998
2022-01-21 00:00:00,Palmawasi,Cosecha puesto,1158.0,6.47
2022-01-27 00:00:00,Palmawasi,Cosecha puesto,984.0,1.6400000000000001
2022-01-29 00:00:00,Palmawasi,Cosecha puesto,813.0,4.05
2022-01-31 00:00:00,Palmawasi,Cosecha puesto,1284.0,1.58
2022-02-01 00:00:00,Palmawasi,Cosecha puesto,884.0,4.49
2022-02-02 00:00:00,Palmawasi,Cosecha puesto,862.0,21.31
2022-02-03 00:00:00,Palmawasi,Cosecha puesto,857.0,3.5199999999999996
2022-02-04 00:00:00,Palmawasi,Cosecha puesto,834.0,13.729999999999999
2022-02-07 00:00:00,Palmawasi,Cosecha puesto,80.0,0.57
2022-02-08 00:00:00,Palmawasi,Cosecha puesto,651.0,5.3999999999999995
2022-02-09 00:00:00,Palmawasi,Cosecha puesto,641.0,11.16
2022-02-10 00:00:00,Palmawasi,Cosecha puesto,242.0,0.34
2022-02-16 00:00:00,Palmawasi,Cosecha puesto,1086.0,0.0
2022-02-17 00:00:00,Palmawasi,Cosecha puesto,982.0,7.58
2022-02-18 00:00:00,Palmawasi,Cosecha puesto,813.0,1.32
2022-02-22 00:00:00,Palmawasi,Cosecha puesto,649.0,2.58
2022-02-23 00:00:00,Palmawasi,Cosecha puesto,855.0,2.61
2022-02-24 00:00:00,Palmawasi,Cosecha puesto,951.0,4.78
2022-02-25 00:00:00,Palmawasi,Cosecha puesto,436.0,5.44
2022-02-28 00:00:00,Palmawasi,Cosecha puesto,587.0,3.77
2022-03-07 00:00:00,Palmawasi,Cosecha puesto,483.0,4.09
2022-03-08 00:00:00,Palmawasi,Cosecha puesto,822.0,7.94
2022-03-10 00:00:00,Palmawasi,Cosecha puesto,619.0,5.29
2022-03-15 00:00:00,Palmawasi,Cosecha puesto,551.0,8.29
2022-03-16 00:00:00,Palmawasi,Cosecha puesto,289.0,1.65
2022-03-18 00:00:00,Palmawasi,Cosecha puesto,719.0,5.07
2022-03-19 00:00:00,Palmawasi,Cosecha puesto,657.0,1.3
2022-03-23 00:00:00,Palmawasi,Cosecha puesto,677.0,7.59
2022-03-26 00:00:00,Palmawasi,Cosecha puesto,625.0,4.28
2022-03-29 00:00:00,Palmawasi,Cosecha puesto,643.0,10.120000000000001
2022-03-30 00:00:00,Palmawasi,Cosecha puesto,604.0,9.07
2022-03-31 00:00:00,Palmawasi,Cosecha puesto,699.0,4.84
2022-04-01 00:00:00,Palmawasi,Cosecha puesto,292.0,0.64
2022-04-02 00:00:00,Palmawasi,Cosecha puesto,527.0,1.51
2022-04-04 00:00:00,Palmawasi,Cosecha puesto,527.0,1.66
2022-04-05 00:00:00,Palmawasi,Cosecha puesto,422.0,2.26
2022-04-06 00:00:00,Palmawasi,Cosecha puesto,771.0,4.49
2022-04-07 00:00:00,Palmawasi,Cosecha puesto,533.0,1.33
2022-04-08 00:00:00,Palmawasi,Cosecha puesto,857.0,7.1000000000000005
2022-04-09 00:00:00,Palmawasi,Cosecha puesto,528.0,3.5900000000000003
2022-04-11 00:00:00,Palmawasi,Cosecha puesto,457.0,3.41
2022-04-12 00:00:00,Palmawasi,Cosecha puesto,663.0,2.02
2022-04-13 00:00:00,Palmawasi,Cosecha puesto,564.0,2.67
2022-04-14 00:00:00,Palmawasi,Cosecha puesto,497.0,4.13
2022-04-18 00:00:00,Palmawasi,Cosecha puesto,503.0,1.4000000000000001
2022-04-19 00:00:00,Palmawasi,Cosecha puesto,605.0,2.0
2022-04-20 00:00:00,Palmawasi,Cosecha puesto,626.0,1.56
2022-04-21 00:00:00,Palmawasi,Cosecha puesto,568.0,1.48
2022-04-22 00:00:00,Palmawasi,Cosecha puesto,582.0,7.84
2022-04-23 00:00:00,Palmawasi,Cosecha puesto,545.0,1.6600000000000001
2022-04-25 00:00:00,Palmawasi,Cosecha puesto,518.0,3.5900000000000003
2022-04-26 00:00:00,Palmawasi,Cosecha puesto,632.0,2.54
2022-04-27 00:00:00,Palmawasi,Cosecha puesto,542.0,4.7
2022-04-28 00:00:00,Palmawasi,Cosecha puesto,564.0,3.1500000000000004
2022-04-29 00:00:00,Palmawasi,Cosecha puesto,580.0,4.05
2022-05-02 00:00:00,Palmawasi,Cosecha puesto,522.0,6.85
2022-05-03 00:00:00,Palmawasi,Cosecha puesto,590.0,6.28
2022-05-04 00:00:00,Palmawasi,Cosecha puesto,468.0,2.3
2022-05-05 00:00:00,Palmawasi,Cosecha puesto,533.0,3.71
2022-05-06 00:00:00,Palmawasi,Cosecha puesto,571.0,18.400000000000002
2022-05-07 00:00:00,Palmawasi,Cosecha puesto,475.0,1.28
2022-05-09 00:00:00,Palmawasi,Cosecha puesto,367.0,2.43
2022-05-10 00:00:00,Palmawasi,Cosecha puesto,457.0,9.23
2022-05-11 00:00:00,Palmawasi,Cosecha puesto,595.0,4.2
2022-05-12 00:00:00,Palmawasi,Cosecha puesto,604.0,14.330000000000002
2022-05-13 00:00:00,Palmawasi,Cosecha puesto,559.0,3.1100000000000003
2022-05-14 00:00:00,Palmawasi,Cosecha puesto,461.0,19.49
2022-05-16 00:00:00,Palmawasi,Cosecha puesto,565.0,7.21
2022-05-17 00:00:00,Palmawasi,Cosecha puesto,495.0,7.02
2022-05-18 00:00:00,Palmawasi,Cosecha puesto,545.0,4.09
2022-05-19 00:00:00,Palmawasi,Cosecha puesto,520.0,2.3
2022-05-20 00:00:00,Palmawasi,Cosecha puesto,612.0,5.6899999999999995
2022-05-21 00:00:00,Palmawasi,Cosecha puesto,364.0,2.0
2022-05-23 00:00:00,Palmawasi,Cosecha puesto,626.0,5.609999999999999
2022-05-24 00:00:00,Palmawasi,Cosecha puesto,590.0,4.4799999999999995
2022-05-26 00:00:00,Palmawasi,Cosecha puesto,631.0,5.010000000000001
2022-05-27 00:00:00,Palmawasi,Cosecha puesto,559.0,1.33
2022-05-28 00:00:00,Palmawasi,Cosecha puesto,538.0,6.88
2022-05-30 00:00:00,Palmawasi,Cosecha puesto,579.0,5.87
2022-05-31 00:00:00,Palmawasi,Cosecha puesto,622.0,12.18
2022-06-01 00:00:00,Palmawasi,Cosecha puesto,628.0,5.57
2022-06-02 00:00:00,Palmawasi,Cosecha puesto,526.0,7.16
2022-06-03 00:00:00,Palmawasi,Cosecha puesto,389.0,4.49
2022-06-04 00:00:00,Palmawasi,Cosecha puesto,303.0,1.02
2022-06-06 00:00:00,Palmawasi,Cosecha puesto,513.0,3.3200000000000003
2022-06-07 00:00:00,Palmawasi,Cosecha puesto,510.0,2.23
2022-06-08 00:00:00,Palmawasi,Cosecha puesto,500.0,2.36
2022-06-09 00:00:00,Palmawasi,Cosecha puesto,575.0,5.07
2022-06-10 00:00:00,Palmawasi,Cosecha puesto,358.0,12.540000000000001
2022-06-11 00:00:00,Palmawasi,Cosecha puesto,356.0,2.25
2022-06-13 00:00:00,Palmawasi,Cosecha puesto,395.0,1.13
2022-06-14 00:00:00,Palmawasi,Cosecha puesto,532.0,2.06
2022-06-15 00:00:00,Palmawasi,Cosecha puesto,567.0,9.0
2022-06-16 00:00:00,Palmawasi,Cosecha puesto,447.0,5.72
2022-06-17 00:00:00,Palmawasi,Cosecha puesto,491.0,5.28
2022-06-18 00:00:00,Palmawasi,Cosecha puesto,459.0,3.9000000000000004
2022-06-20 00:00:00,Palmawasi,Cosecha puesto,386.0,12.82
2022-06-21 00:00:00,Palmawasi,Cosecha puesto,484.0,1.09
2022-06-22 00:00:00,Palmawasi,Cosecha puesto,551.0,1.46
2022-06-23 00:00:00,Palmawasi,Cosecha puesto,551.0,0.97
2022-06-24 00:00:00,Palmawasi,Cosecha puesto,448.0,13.18
2022-06-27 00:00:00,Palmawasi,Cosecha puesto,468.0,2.97
2022-06-28 00:00:00,Palmawasi,Cosecha puesto,531.0,4.89
2022-06-29 00:00:00,Palmawasi,Cosecha puesto,547.0,11.51
2022-06-30 00:00:00,Palmawasi,Cosecha puesto,584.0,9.56
2022-07-01 00:00:00,Palmawasi,Cosecha puesto,522.0,1.05
2022-07-02 00:00:00,Palmawasi,Cosecha puesto,383.0,4.01
2022-07-04 00:00:00,Palmawasi,Cosecha puesto,510.0,16.58
2022-07-05 00:00:00,Palmawasi,Cosecha puesto,502.0,1.65
2022-07-06 00:00:00,Palmawasi,Cosecha puesto,465.37,1.12
2022-07-07 00:00:00,Palmawasi,Cosecha puesto,494.0,4.59
2022-07-08 00:00:00,Palmawasi,Cosecha puesto,472.0,5.68
2022-07-09 00:00:00,Palmawasi,Cosecha puesto,366.0,4.99
2022-07-11 00:00:00,Palmawasi,Cosecha puesto,460.3,11.2
2022-07-12 00:00:00,Palmawasi,Cosecha puesto,532.0,7.27
2022-07-13 00:00:00,Palmawasi,Cosecha puesto,601.0,8.84
2022-07-14 00:00:00,Palmawasi,Cosecha puesto,598.0,8.66
2022-07-15 00:00:00,Palmawasi,Cosecha puesto,563.0,3.19
2022-07-16 00:00:00,Palmawasi,Cosecha puesto,410.3,2.13
2022-07-18 00:00:00,Palmawasi,Cosecha puesto,523.0,1.3399999999999999
2022-07-19 00:00:00,Palmawasi,Cosecha puesto,627.0,1.85
2022-07-20 00:00:00,Palmawasi,Cosecha puesto,624.0,2.3699999999999997
2022-07-21 00:00:00,Palmawasi,Cosecha puesto,682.0,6.529999999999999
2022-07-22 00:00:00,Palmawasi,Cosecha puesto,719.2,3.3200000000000003
2022-07-23 00:00:00,Palmawasi,Cosecha puesto,649.0,3.29
2022-07-25 00:00:00,Palmawasi,Cosecha puesto,629.0,5.91
2022-07-26 00:00:00,Palmawasi,Cosecha puesto,655.0,2.06
2022-07-27 00:00:00,Palmawasi,Cosecha puesto,720.0,54.510000000000005
2022-07-28 00:00:00,Palmawasi,Cosecha puesto,677.38,2.14
2022-08-01 00:00:00,Palmawasi,Cosecha puesto,696.69,1.75
2022-08-02 00:00:00,Palmawasi,Cosecha puesto,679.0,11.45
2022-08-03 00:00:00,Palmawasi,Cosecha puesto,745.0,2.55
2022-08-04 00:00:00,Palmawasi,Cosecha puesto,741.0,6.07
2022-08-05 00:00:00,Palmawasi,Cosecha puesto,699.0,4.779999999999999
2022-08-08 00:00:00,Palmawasi,Cosecha puesto,608.0,2.3200000000000003
2022-08-09 00:00:00,Palmawasi,Cosecha puesto,726.0,2.54
2022-08-10 00:00:00,Palmawasi,Cosecha puesto,747.0,12.649999999999999
2022-08-11 00:00:00,Palmawasi,Cosecha puesto,713.0,1.94
2022-08-12 00:00:00,Palmawasi,Cosecha puesto,733.0,8.690000000000001
2022-08-15 00:00:00,Palmawasi,Cosecha puesto,714.0,4.2299999999999995
2022-08-16 00:00:00,Palmawasi,Cosecha puesto,783.0,9.12
2022-08-17 00:00:00,Palmawasi,Cosecha puesto,770.0,6.0600000000000005
2022-08-18 00:00:00,Palmawasi,Cosecha puesto,769.0,6.23
2022-08-19 00:00:00,Palmawasi,Cosecha puesto,677.0,3.97
2022-08-20 00:00:00,Palmawasi,Cosecha puesto,804.0,9.35
2022-08-22 00:00:00,Palmawasi,Cosecha puesto,748.0,4.81
2022-08-23 00:00:00,Palmawasi,Cosecha puesto,784.0,10.06
2022-08-24 00:00:00,Palmawasi,Cosecha puesto,860.0,20.76
2022-08-25 00:00:00,Palmawasi,Cosecha puesto,819.0,21.12
2022-08-26 00:00:00,Palmawasi,Cosecha puesto,742.0,6.9
2022-08-27 00:00:00,Palmawasi,Cosecha puesto,701.0,6.65
2022-08-29 00:00:00,Palmawasi,Cosecha puesto,702.0,7.74
2022-08-30 00:00:00,Palmawasi,Cosecha puesto,708.0,1.9400000000000002
2022-08-31 00:00:00,Palmawasi,Cosecha puesto,762.0,3.12
2022-09-01 00:00:00,Palmawasi,Cosecha puesto,762.0,6.010000000000001
2022-09-03 00:00:00,Palmawasi,Cosecha puesto,1170.0,9.98
2022-09-05 00:00:00,Palmawasi,Cosecha puesto,601.0,1.55
2022-09-07 00:00:00,Palmawasi,Cosecha puesto,746.0,2.3400000000000003
2022-09-08 00:00:00,Palmawasi,Cosecha puesto,673.0,6.97
2022-09-09 00:00:00,Palmawasi,Cosecha puesto,1302.0,12.14
2022-09-10 00:00:00,Palmawasi,Cosecha puesto,626.0,4.37
2022-09-12 00:00:00,Palmawasi,Cosecha puesto,674.0,1.54
2022-09-13 00:00:00,Palmawasi,Cosecha puesto,635.0,4.63
2022-09-14 00:00:00,Palmawasi,Cosecha puesto,743.0,3.92
2022-09-16 00:00:00,Palmawasi,Cosecha puesto,716.0,7.79
2022-09-17 00:00:00,Palmawasi,Cosecha puesto,1372.0,15.05
2022-09-19 00:00:00,Palmawasi,Cosecha puesto,653.0,3.97
2022-09-20 00:00:00,Palmawasi,Cosecha puesto,714.0,11.98
2022-09-22 00:00:00,Palmawasi,Cosecha puesto,721.0,3.31
2022-09-23 00:00:00,Palmawasi,Cosecha puesto,772.0,4.029999999999999
2022-09-24 00:00:00,Palmawasi,Cosecha puesto,783.0,9.92
2022-09-26 00:00:00,Palmawasi,Cosecha puesto,770.0,7.92
2022-09-28 00:00:00,Palmawasi,Cosecha puesto,807.0,11.17
2022-09-29 00:00:00,Palmawasi,Cosecha puesto,756.0,5.67
2022-09-30 00:00:00,Palmawasi,Cosecha puesto,717.0,5.46
2022-10-01 00:00:00,Palmawasi,Cosecha puesto,709.0,2.74
2022-10-03 00:00:00,Palmawasi,Cosecha puesto,600.0,3.6
2022-10-04 00:00:00,Palmawasi,Cosecha puesto,749.0,2.83
2022-10-07 00:00:00,Palmawasi,Cosecha puesto,479.0,3.38
2022-10-08 00:00:00,Palmawasi,Cosecha puesto,241.0,1.85
2022-10-10 00:00:00,Palmawasi,Cosecha puesto,793.0,3.6799999999999997
2022-10-11 00:00:00,Palmawasi,Cosecha puesto,955.0,15.350000000000001
2022-10-12 00:00:00,Palmawasi,Cosecha puesto,959.0,6.0
2022-10-13 00:00:00,Palmawasi,Cosecha puesto,992.0,3.78
2022-10-14 00:00:00,Palmawasi,Cosecha puesto,887.0,8.32
2022-10-17 00:00:00,Palmawasi,Cosecha puesto,1014.0,4.9399999999999995
2022-10-18 00:00:00,Palmawasi,Cosecha puesto,2106.0,28.5
2022-10-19 00:00:00,Palmawasi,Cosecha puesto,1161.0,8.33
2022-10-20 00:00:00,Palmawasi,Cosecha puesto,225.3,0.54
2022-10-21 00:00:00,Palmawasi,Cosecha puesto,1161.0,9.26
2022-10-22 00:00:00,Palmawasi,Cosecha puesto,576.0,7.59
2022-10-23 00:00:00,Palmawasi,Cosecha puesto,225.3,0.2
2022-10-24 00:00:00,Palmawasi,Cosecha puesto,916.0,2.19
2022-10-25 00:00:00,Palmawasi,Cosecha puesto,1041.0,4.86
2022-10-26 00:00:00,Palmawasi,Cosecha puesto,1017.0,5.29
2022-10-28 00:00:00,Palmawasi,Cosecha puesto,1171.0,10.620000000000001
2022-10-29 00:00:00,Palmawasi,Cosecha puesto,973.0,4.42
2022-10-31 00:00:00,Palmawasi,Cosecha puesto,856.0,11.010000000000002
2022-11-01 00:00:00,Palmawasi,Cosecha puesto,974.0,12.169999999999998
2022-11-02 00:00:00,Palmawasi,Cosecha puesto,951.0,9.93
2022-11-04 00:00:00,Palmawasi,Cosecha puesto,853.0,6.07
2022-11-07 00:00:00,Palmawasi,Cosecha puesto,1756.0,12.86
2022-11-09 00:00:00,Palmawasi,Cosecha puesto,957.0,4.4
2022-11-10 00:00:00,Palmawasi,Cosecha puesto,929.0,11.2
2022-11-11 00:00:00,Palmawasi,Cosecha puesto,1005.0,11.620000000000001
2022-11-12 00:00:00,Palmawasi,Cosecha puesto,1934.0,16.240000000000002
2022-11-15 00:00:00,Palmawasi,Cosecha puesto,1066.0,8.14
2022-11-17 00:00:00,Palmawasi,Cosecha puesto,2060.0,21.77
2022-11-19 00:00:00,Palmawasi,Cosecha puesto,1068.0,7.88
2022-11-21 00:00:00,Palmawasi,Cosecha puesto,912.0,6.77
2022-11-22 00:00:00,Palmawasi,Cosecha puesto,586.0,6.63
2022-11-24 00:00:00,Palmawasi,Cosecha puesto,1107.0,14.7
2022-11-26 00:00:00,Palmawasi,Cosecha puesto,2242.0,19.599999999999998
2022-11-28 00:00:00,Palmawasi,Cosecha puesto,984.0,7.51
2022-11-29 00:00:00,Palmawasi,Cosecha puesto,688.0,1.8599999999999999
2022-11-30 00:00:00,Palmawasi,Cosecha puesto,1046.0,1.98
2022-12-01 00:00:00,Palmawasi,Cosecha puesto,830.0,1.6800000000000002
2022-12-03 00:00:00,Palmawasi,Cosecha puesto,910.0,11.879999999999999
2022-12-05 00:00:00,Palmawasi,Cosecha puesto,1762.0,14.08
2022-12-07 00:00:00,Palmawasi,Cosecha puesto,1139.0,2.55
2022-12-08 00:00:00,Palmawasi,Cosecha puesto,2043.0,7.73
2022-12-09 00:00:00,Palmawasi,Cosecha puesto,985.0,7.39
2022-12-12 00:00:00,Palmawasi,Cosecha puesto,1533.0,7.699999999999999
2022-12-13 00:00:00,Palmawasi,Cosecha puesto,885.0,3.83
2022-12-15 00:00:00,Palmawasi,Cosecha puesto,1038.0,4.78
2022-12-16 00:00:00,Palmawasi,Cosecha puesto,873.0,1.4000000000000001
2022-12-17 00:00:00,Palmawasi,Cosecha puesto,883.0,5.74
2022-12-19 00:00:00,Palmawasi,Cosecha puesto,883.0,1.7
2022-12-20 00:00:00,Palmawasi,Cosecha puesto,1091.0,3.6
2022-12-21 00:00:00,Palmawasi,Cosecha puesto,1053.0,1.73
2022-12-22 00:00:00,Palmawasi,Cosecha puesto,987.0,1.92
2022-12-26 00:00:00,Palmawasi,Cosecha puesto,1446.0,4.63
2022-12-28 00:00:00,Palmawasi,Cosecha puesto,1130.0,19.59
2022-12-29 00:00:00,Palmawasi,Cosecha puesto,901.0,1.74
2022-12-30 00:00:00,Palmawasi,Cosecha puesto,1129.3,8.02
2022-12-31 00:00:00,Palmawasi,Cosecha puesto,935.4,5.609999999999999
2023-01-02 00:00:00,Palmawasi,Cosecha puesto,713.0,7.699999999999999
2023-01-03 00:00:00,Palmawasi,Cosecha puesto,736.0,1.69
2023-01-04 00:00:00,Palmawasi,Cosecha puesto,853.0,34.76
2023-01-05 00:00:00,Palmawasi,Cosecha puesto,934.0,3.72
2023-01-06 00:00:00,Palmawasi,Cosecha puesto,949.9,6.72
2023-01-07 00:00:00,Palmawasi,Cosecha puesto,994.0,10.98
2023-01-09 00:00:00,Palmawasi,Cosecha puesto,945.0,11.18
2023-01-10 00:00:00,Palmawasi,Cosecha puesto,933.6,7.58
2023-01-11 00:00:00,Palmawasi,Cosecha puesto,1024.0,11.36
2023-01-12 00:00:00,Palmawasi,Cosecha puesto,1088.0,2.75
2023-01-13 00:00:00,Palmawasi,Cosecha puesto,973.0,5.02
2023-01-14 00:00:00,Palmawasi,Cosecha puesto,2302.0,19.08
2023-01-15 00:00:00,Palmawasi,Cosecha puesto,312.0,0.26
2023-01-16 00:00:00,Palmawasi,Cosecha puesto,896.0,27.71
2023-01-18 00:00:00,Palmawasi,Cosecha puesto,831.0,3.4499999999999997
2023-01-20 00:00:00,Palmawasi,Cosecha puesto,884.0,4.58
2023-01-21 00:00:00,Palmawasi,Cosecha puesto,965.0,1.62
2023-01-23 00:00:00,Palmawasi,Cosecha puesto,1776.0,5.17
2023-01-25 00:00:00,Palmawasi,Cosecha puesto,943.0,1.56
2023-01-28 00:00:00,Palmawasi,Cosecha puesto,1790.0,7.04
2023-01-30 00:00:00,Palmawasi,Cosecha puesto,743.0,12.879999999999999
2023-02-03 00:00:00,Palmawasi,Cosecha puesto,843.0,5.590000000000001
2023-02-04 00:00:00,Palmawasi,Cosecha puesto,1036.0,10.649999999999999
2023-02-06 00:00:00,Palmawasi,Cosecha puesto,774.0,3.32
2023-02-07 00:00:00,Palmawasi,Cosecha puesto,872.0,1.69
2023-02-08 00:00:00,Palmawasi,Cosecha puesto,1340.0,4.54
2023-02-09 00:00:00,Palmawasi,Cosecha puesto,967.0,3.33
2023-02-10 00:00:00,Palmawasi,Cosecha puesto,963.0,1.57
2023-02-11 00:00:00,Palmawasi,Cosecha puesto,869.0,2.4799999999999995
2023-02-13 00:00:00,Palmawasi,Cosecha puesto,835.0,1.61
2023-02-14 00:00:00,Palmawasi,Cosecha puesto,936.0,1.69
2023-02-15 00:00:00,Palmawasi,Cosecha puesto,892.0,1.89
2023-02-16 00:00:00,Palmawasi,Cosecha puesto,915.0,7.49
2023-02-17 00:00:00,Palmawasi,Cosecha puesto,898.0,3.6500000000000004
2023-02-18 00:00:00,Palmawasi,Cosecha puesto,749.0,10.38
2023-02-20 00:00:00,Palmawasi,Cosecha puesto,626.0,1.21
2023-02-21 00:00:00,Palmawasi,Cosecha puesto,794.0,6.26
2023-02-22 00:00:00,Palmawasi,Cosecha puesto,941.0,2.86
2023-02-23 00:00:00,Palmawasi,Cosecha puesto,769.0,1.75
2023-02-24 00:00:00,Palmawasi,Cosecha puesto,847.0,2.98
2023-02-25 00:00:00,Palmawasi,Cosecha puesto,744.0,1.31
2023-02-27 00:00:00,Palmawasi,Cosecha puesto,1504.0,6.91
2023-02-27 00:00:00,Palmawasi,Transporte puesto,633.3199999999999,0.9921
2023-02-28 00:00:00,Palmawasi,Cosecha puesto,229.0,0.26
2023-03-01 00:00:00,Palmawasi,Cosecha puesto,1672.0,13.01
2023-03-02 00:00:00,Palmawasi,Cosecha puesto,517.0,1.01
2023-03-03 00:00:00,Palmawasi,Cosecha puesto,156.0,0.31
2023-03-06 00:00:00,Palmawasi,Cosecha puesto,902.0,5.9399999999999995
2023-03-07 00:00:00,Palmawasi,Cosecha puesto,793.0,3.12
2023-03-08 00:00:00,Palmawasi,Cosecha puesto,658.0,2.39
2023-03-09 00:00:00,Palmawasi,Cosecha puesto,364.0,1.1400000000000001
2023-03-10 00:00:00,Palmawasi,Cosecha puesto,372.0,1.16
2023-03-11 00:00:00,Palmawasi,Cosecha puesto,611.0,1.34
2023-03-13 00:00:00,Palmawasi,Cosecha puesto,592.0,1.69
2023-03-14 00:00:00,Palmawasi,Cosecha puesto,713.0,1.75
2023-03-15 00:00:00,Palmawasi,Cosecha puesto,756.0,3.64
2023-03-16 00:00:00,Palmawasi,Cosecha puesto,684.0,1.98
2023-03-17 00:00:00,Palmawasi,Cosecha puesto,623.0,1.51
2023-03-18 00:00:00,Palmawasi,Cosecha puesto,606.0,1.57
2023-03-21 00:00:00,Palmawasi,Cosecha puesto,689.0,1.85
2023-03-23 00:00:00,Palmawasi,Cosecha puesto,821.0,2.04
2023-03-24 00:00:00,Palmawasi,Cosecha puesto,524.0,1.43
2023-03-25 00:00:00,Palmawasi,Cosecha puesto,603.0,1.52
2023-03-27 00:00:00,Palmawasi,Cosecha puesto,628.0,9.900000000000002
2023-03-28 00:00:00,Palmawasi,Cosecha puesto,682.0,1.9
2023-03-30 00:00:00,Palmawasi,Cosecha puesto,644.0,5.07
2023-03-31 00:00:00,Palmawasi,Cosecha puesto,821.0,1.83
2023-04-01 00:00:00,Palmawasi,Cosecha puesto,623.0,4.67
2023-04-03 00:00:00,Palmawasi,Cosecha puesto,289.0,0.5
2023-04-04 00:00:00,Palmawasi,Cosecha puesto,1280.0,9.4
2023-04-05 00:00:00,Palmawasi,Cosecha puesto,167.0,0.41
2023-04-06 00:00:00,Palmawasi,Cosecha puesto,537.0,1.09
2023-04-10 00:00:00,Palmawasi,Cosecha puesto,937.0,3.2
2023-04-11 00:00:00,Palmawasi,Cosecha puesto,343.0,7.33
2023-04-12 00:00:00,Palmawasi,Cosecha puesto,791.0,8.6
2023-04-13 00:00:00,Palmawasi,Cosecha puesto,878.0,7.71
2023-04-14 00:00:00,Palmawasi,Cosecha puesto,651.0,4.62
2023-04-15 00:00:00,Palmawasi,Cosecha puesto,481.0,4.42
2023-04-17 00:00:00,Palmawasi,Cosecha puesto,653.0,1.5
2023-04-18 00:00:00,Palmawasi,Cosecha puesto,707.0,4.96
2023-04-19 00:00:00,Palmawasi,Cosecha puesto,678.0,8.49
2023-04-20 00:00:00,Palmawasi,Cosecha puesto,314.0,0.66
2023-04-21 00:00:00,Palmawasi,Cosecha puesto,235.0,8.21
2023-04-22 00:00:00,Palmawasi,Cosecha puesto,618.0,1.56
2023-04-25 00:00:00,Palmawasi,Cosecha puesto,676.0,2.79
2023-04-26 00:00:00,Palmawasi,Cosecha puesto,645.0,1.6
2023-04-27 00:00:00,Palmawasi,Cosecha puesto,621.0,0.0
2023-04-28 00:00:00,Palmawasi,Cosecha puesto,1174.0,1.1600000000000001
2023-04-29 00:00:00,Palmawasi,Cosecha puesto,534.0,1.1400000000000001
2023-05-02 00:00:00,Palmawasi,Cosecha puesto,463.3,5.67
2023-05-03 00:00:00,Palmawasi,Cosecha puesto,454.0,2.97
2023-05-04 00:00:00,Palmawasi,Cosecha puesto,560.0,4.44
2023-05-05 00:00:00,Palmawasi,Cosecha puesto,500.5,4.609999999999999
2023-05-06 00:00:00,Palmawasi,Cosecha puesto,594.9,7.51
2023-05-08 00:00:00,Palmawasi,Cosecha puesto,628.0,3.0599999999999996
2023-05-09 00:00:00,Palmawasi,Cosecha puesto,564.0,1.32
2023-05-10 00:00:00,Palmawasi,Cosecha puesto,666.0,4.11
2023-05-11 00:00:00,Palmawasi,Cosecha puesto,597.0,1.5
2023-05-12 00:00:00,Palmawasi,Cosecha puesto,638.0,1.43
2023-05-13 00:00:00,Palmawasi,Cosecha puesto,564.0,6.88
2023-05-15 00:00:00,Palmawasi,Cosecha puesto,569.0,1.12
2023-05-16 00:00:00,Palmawasi,Cosecha puesto,622.0,3.0300000000000002
2023-05-17 00:00:00,Palmawasi,Cosecha puesto,511.0,1.6099999999999999
2023-05-18 00:00:00,Palmawasi,Cosecha puesto,484.0,3.3499999999999996
2023-05-19 00:00:00,Palmawasi,Cosecha puesto,465.0,4.01
2023-05-20 00:00:00,Palmawasi,Cosecha puesto,110.0,0.22
2023-05-23 00:00:00,Palmawasi,Cosecha puesto,569.0,6.24
2023-05-24 00:00:00,Palmawasi,Cosecha puesto,514.0,4.12
2023-05-25 00:00:00,Palmawasi,Cosecha puesto,514.0,14.2
2023-05-26 00:00:00,Palmawasi,Cosecha puesto,531.0,2.5900000000000003
2023-05-27 00:00:00,Palmawasi,Cosecha puesto,508.0,1.23
2023-05-29 00:00:00,Palmawasi,Cosecha puesto,609.0,6.49
2023-05-30 00:00:00,Palmawasi,Cosecha puesto,286.0,2.78
2023-05-31 00:00:00,Palmawasi,Cosecha puesto,332.0,0.6
2023-06-01 00:00:00,Palmawasi,Cosecha puesto,570.0,2.56
2023-06-02 00:00:00,Palmawasi,Cosecha puesto,505.0,2.8200000000000003
2023-06-05 00:00:00,Palmawasi,Cosecha puesto,514.0,1.73
2023-06-06 00:00:00,Palmawasi,Cosecha puesto,581.0,1.85
2023-06-07 00:00:00,Palmawasi,Cosecha puesto,628.0,4.13
2023-06-08 00:00:00,Palmawasi,Cosecha puesto,631.0,1.26
2023-06-09 00:00:00,Palmawasi,Cosecha puesto,596.0,1.16
2023-06-10 00:00:00,Palmawasi,Cosecha puesto,592.0,2.63
2023-06-12 00:00:00,Palmawasi,Cosecha puesto,530.0,1.16
2023-06-14 00:00:00,Palmawasi,Cosecha puesto,481.0,0.81
2023-06-15 00:00:00,Palmawasi,Cosecha puesto,659.0,4.24
2023-06-16 00:00:00,Palmawasi,Cosecha puesto,669.0,3.85
2023-06-17 00:00:00,Palmawasi,Cosecha puesto,647.0,5.699999999999999
2023-06-19 00:00:00,Palmawasi,Cosecha puesto,603.0,2.6500000000000004
2023-06-20 00:00:00,Palmawasi,Cosecha puesto,777.0,1.79
2023-06-21 00:00:00,Palmawasi,Cosecha puesto,655.0,10.18
2023-06-22 00:00:00,Palmawasi,Cosecha puesto,698.0,1.3399999999999999
2023-06-23 00:00:00,Palmawasi,Cosecha puesto,839.0,1.56
2023-06-24 00:00:00,Palmawasi,Cosecha puesto,352.0,38.9
2023-06-26 00:00:00,Palmawasi,Cosecha puesto,627.0,1.47
2023-06-27 00:00:00,Palmawasi,Cosecha puesto,710.0,1.31
2023-06-28 00:00:00,Palmawasi,Cosecha puesto,653.0,1.2
2023-06-29 00:00:00,Palmawasi,Cosecha puesto,597.0,3.28
2023-06-30 00:00:00,Palmawasi,Cosecha puesto,611.0,1.96
2023-07-01 00:00:00,Palmawasi,Cosecha puesto,616.0,2.2
2023-07-03 00:00:00,Palmawasi,Cosecha puesto,728.0,3.88
2023-07-04 00:00:00,Palmawasi,Cosecha puesto,688.0,1.51
2023-07-05 00:00:00,Palmawasi,Cosecha puesto,671.0,1.26
2023-07-06 00:00:00,Palmawasi,Cosecha puesto,698.0,1.81
2023-07-07 00:00:00,Palmawasi,Cosecha puesto,610.0,3.0300000000000002
2023-07-08 00:00:00,Palmawasi,Cosecha puesto,613.0,1.46
2023-07-10 00:00:00,Palmawasi,Cosecha puesto,587.0,4.02
2023-07-11 00:00:00,Palmawasi,Cosecha puesto,667.0,1.09
2023-07-12 00:00:00,Palmawasi,Cosecha puesto,575.0,7.869999999999999
2023-07-13 00:00:00,Palmawasi,Cosecha puesto,617.0,1.22
2023-07-14 00:00:00,Palmawasi,Cosecha puesto,582.5,1.7400000000000002
2023-07-15 00:00:00,Palmawasi,Cosecha puesto,434.0,2.8300000000000005
2023-07-17 00:00:00,Palmawasi,Cosecha puesto,464.0,2.35
2023-07-18 00:00:00,Palmawasi,Cosecha puesto,535.0,5.24
2023-07-19 00:00:00,Palmawasi,Cosecha puesto,571.0,0.92
2023-07-20 00:00:00,Palmawasi,Cosecha puesto,552.0,1.05
2023-07-21 00:00:00,Palmawasi,Cosecha puesto,575.0,0.87
2023-07-22 00:00:00,Palmawasi,Cosecha puesto,615.0,4.38
2023-07-24 00:00:00,Palmawasi,Cosecha puesto,521.0,0.9199999999999999
2023-07-25 00:00:00,Palmawasi,Cosecha puesto,621.0,2.74
2023-07-26 00:00:00,Palmawasi,Cosecha puesto,608.0,1.22
2023-07-27 00:00:00,Palmawasi,Cosecha puesto,715.0,1.29
2023-07-31 00:00:00,Palmawasi,Cosecha puesto,663.0,1.74
2023-08-01 00:00:00,Palmawasi,Cosecha puesto,645.0,2.74
2023-08-02 00:00:00,Palmawasi,Cosecha puesto,812.0,3.98
2023-08-03 00:00:00,Palmawasi,Cosecha puesto,682.0,4.62
2023-08-04 00:00:00,Palmawasi,Cosecha puesto,1034.0,5.03
2023-08-05 00:00:00,Palmawasi,Cosecha puesto,663.0,4.44
2023-08-07 00:00:00,Palmawasi,Cosecha puesto,603.0,1.18
2023-08-08 00:00:00,Palmawasi,Cosecha puesto,745.0,1.45
2023-08-09 00:00:00,Palmawasi,Cosecha puesto,717.0,1.55
2023-08-10 00:00:00,Palmawasi,Cosecha puesto,678.0,4.59
2023-08-11 00:00:00,Palmawasi,Cosecha puesto,708.0,8.58
2023-08-12 00:00:00,Palmawasi,Cosecha puesto,356.0,10.110000000000001
2023-08-14 00:00:00,Palmawasi,Cosecha puesto,678.0,8.870000000000001
2023-08-15 00:00:00,Palmawasi,Cosecha puesto,702.0,17.9
2023-08-16 00:00:00,Palmawasi,Cosecha puesto,717.0,6.44
2023-08-17 00:00:00,Palmawasi,Cosecha puesto,926.0,13.38
2023-08-18 00:00:00,Palmawasi,Cosecha puesto,750.0,3.88
2023-08-19 00:00:00,Palmawasi,Cosecha puesto,730.0,3.8
2023-08-21 00:00:00,Palmawasi,Cosecha puesto,800.0,9.16
2023-08-22 00:00:00,Palmawasi,Cosecha puesto,746.0,11.98
2023-08-23 00:00:00,Palmawasi,Cosecha puesto,976.0,4.23
2023-08-24 00:00:00,Palmawasi,Cosecha puesto,921.0,14.8
2023-08-25 00:00:00,Palmawasi,Cosecha puesto,819.0,12.0
2023-08-26 00:00:00,Palmawasi,Cosecha puesto,731.0,3.39
2023-08-28 00:00:00,Palmawasi,Cosecha puesto,763.0,15.920000000000002
2023-08-29 00:00:00,Palmawasi,Cosecha puesto,1014.0,4.640000000000001
2023-08-30 00:00:00,Palmawasi,Cosecha puesto,785.0,4.12
2023-08-31 00:00:00,Palmawasi,Cosecha puesto,904.0,2.01
2023-09-01 00:00:00,Palmawasi,Cosecha puesto,691.0,1.69
2023-09-01 00:00:00,Palmawasi,Transporte puesto,479.97,0.8758
2023-09-02 00:00:00,Palmawasi,Transporte puesto,435.21000000000004,1.0972
2023-09-04 00:00:00,Palmawasi,Cosecha puesto,856.0,8.74
2023-09-04 00:00:00,Palmawasi,Transporte puesto,529.884,0.5894
2023-09-05 00:00:00,Palmawasi,Cosecha puesto,788.0,1.6600000000000001
2023-09-05 00:00:00,Palmawasi,Transporte puesto,829.5020000000001,0.5730999999999999
2023-09-06 00:00:00,Palmawasi,Cosecha puesto,1047.0,2.11
2023-09-06 00:00:00,Palmawasi,Transporte puesto,744.076,0.6583
2023-09-07 00:00:00,Palmawasi,Cosecha puesto,910.0,1.47
2023-09-08 00:00:00,Palmawasi,Cosecha puesto,887.0,2.92
2023-09-08 00:00:00,Palmawasi,Transporte puesto,902.6700000000001,1.1815
2023-09-09 00:00:00,Palmawasi,Cosecha puesto,585.0,2.9
2023-09-09 00:00:00,Palmawasi,Transporte puesto,521.76,0.3777
2023-09-11 00:00:00,Palmawasi,Cosecha puesto,1109.0,1.88
2023-09-11 00:00:00,Palmawasi,Transporte puesto,363.525,0.6296999999999999
2023-09-12 00:00:00,Palmawasi,Cosecha puesto,1067.0,2.18
2023-09-12 00:00:00,Palmawasi,Transporte puesto,518.033,0.32089999999999996
2023-09-13 00:00:00,Palmawasi,Cosecha puesto,160.0,0.23
2023-09-13 00:00:00,Palmawasi,Transporte puesto,407.47,0.3083
2023-09-14 00:00:00,Palmawasi,Cosecha puesto,879.0,8.17
2023-09-14 00:00:00,Palmawasi,Transporte puesto,620.163,0.4182
2023-09-15 00:00:00,Palmawasi,Cosecha puesto,976.0,4.18
2023-09-15 00:00:00,Palmawasi,Transporte puesto,628.1759999999999,0.7769
2023-09-16 00:00:00,Palmawasi,Cosecha puesto,682.0,1.19
2023-09-16 00:00:00,Palmawasi,Transporte puesto,475.12199999999996,0.5311
2023-09-18 00:00:00,Palmawasi,Cosecha puesto,926.0,6.039999999999999
2023-09-18 00:00:00,Palmawasi,Transporte puesto,415.85,0.3695
2023-09-19 00:00:00,Palmawasi,Cosecha puesto,993.0,1.58
2023-09-19 00:00:00,Palmawasi,Transporte puesto,816.6400000000001,0.8103
2023-09-20 00:00:00,Palmawasi,Cosecha puesto,1232.0,3.62
2023-09-20 00:00:00,Palmawasi,Transporte puesto,437.41200000000003,0.4321
2023-09-21 00:00:00,Palmawasi,Cosecha puesto,1016.0,2.08
2023-09-21 00:00:00,Palmawasi,Transporte puesto,510.48,0.5097
2023-09-22 00:00:00,Palmawasi,Cosecha puesto,1049.0,1.84
2023-09-22 00:00:00,Palmawasi,Transporte puesto,401.35,0.3638
2023-09-23 00:00:00,Palmawasi,Cosecha puesto,727.0,1.17
2023-09-23 00:00:00,Palmawasi,Transporte puesto,1335.786,1.2156
2023-09-24 00:00:00,Palmawasi,Transporte puesto,262.76,0.2591
2023-09-25 00:00:00,Palmawasi,Cosecha puesto,989.0,1.72
2023-09-25 00:00:00,Palmawasi,Transporte puesto,366.21000000000004,0.0911
2023-09-26 00:00:00,Palmawasi,Cosecha puesto,1166.0,2.0999999999999996
2023-09-26 00:00:00,Palmawasi,Transporte puesto,740.8199999999999,1.2770000000000001
2023-09-27 00:00:00,Palmawasi,Cosecha puesto,988.0,1.65
2023-09-27 00:00:00,Palmawasi,Transporte puesto,509.35,0.7562
2023-09-28 00:00:00,Palmawasi,Cosecha puesto,1234.0,2.41
2023-09-28 00:00:00,Palmawasi,Transporte puesto,578.4200000000001,0.5268999999999999
2023-09-29 00:00:00,Palmawasi,Cosecha puesto,924.0,1.95
2023-09-29 00:00:00,Palmawasi,Transporte puesto,735.5699999999999,0.8221
2023-09-30 00:00:00,Palmawasi,Transporte puesto,194.91,0.13579999999999998
2023-10-01 00:00:00,Palmawasi,Transporte puesto,241.72,0.2734
2023-10-02 00:00:00,Palmawasi,Cosecha puesto,796.0,1.3900000000000001
2023-10-02 00:00:00,Palmawasi,Transporte puesto,150.77,0.1089
2023-10-03 00:00:00,Palmawasi,Cosecha puesto,1069.0,3.3600000000000003
2023-10-03 00:00:00,Palmawasi,Transporte puesto,770.394,0.6035999999999999
2023-10-04 00:00:00,Palmawasi,Cosecha puesto,937.0,1.78
2023-10-04 00:00:00,Palmawasi,Transporte puesto,435.36,0.3345
2023-10-05 00:00:00,Palmawasi,Cosecha puesto,1176.0,1.78
2023-10-05 00:00:00,Palmawasi,Transporte puesto,514.044,0.51
2023-10-06 00:00:00,Palmawasi,Cosecha puesto,981.0,1.66
2023-10-06 00:00:00,Palmawasi,Transporte puesto,433.148,0.2631
2023-10-07 00:00:00,Palmawasi,Cosecha puesto,620.0,1.03
2023-10-07 00:00:00,Palmawasi,Transporte puesto,493.75300000000004,0.5916
2023-10-09 00:00:00,Palmawasi,Cosecha puesto,917.0,3.56
2023-10-09 00:00:00,Palmawasi,Transporte puesto,916.12,0.8613000000000001
2023-10-10 00:00:00,Palmawasi,Cosecha puesto,1259.0,2.2399999999999998
2023-10-10 00:00:00,Palmawasi,Transporte puesto,316.71799999999996,0.40290000000000004
2023-10-11 00:00:00,Palmawasi,Cosecha puesto,1010.0,1.85
2023-10-11 00:00:00,Palmawasi,Transporte puesto,668.231,0.4851
2023-10-12 00:00:00,Palmawasi,Cosecha puesto,1260.0,2.47
2023-10-12 00:00:00,Palmawasi,Transporte puesto,443.722,0.3648
2023-10-13 00:00:00,Palmawasi,Cosecha puesto,1056.0,1.97
2023-10-13 00:00:00,Palmawasi,Transporte puesto,538.95,0.47600000000000003
2023-10-14 00:00:00,Palmawasi,Cosecha puesto,797.0,1.3800000000000001
2023-10-14 00:00:00,Palmawasi,Transporte puesto,715.75,0.9977
2023-10-16 00:00:00,Palmawasi,Cosecha puesto,1099.0,2.07
2023-10-16 00:00:00,Palmawasi,Transporte puesto,260.32,0.4898
2023-10-17 00:00:00,Palmawasi,Cosecha puesto,1155.0,4.98
2023-10-17 00:00:00,Palmawasi,Transporte puesto,982.1429999999999,1.1782
2023-10-18 00:00:00,Palmawasi,Cosecha puesto,1029.0,2.82
2023-10-18 00:00:00,Palmawasi,Transporte puesto,490.97,0.36669999999999997
2023-10-19 00:00:00,Palmawasi,Cosecha puesto,1186.0,3.27
2023-10-19 00:00:00,Palmawasi,Transporte puesto,623.591,0.9055
2023-10-20 00:00:00,Palmawasi,Cosecha puesto,1266.0,3.4499999999999997
2023-10-20 00:00:00,Palmawasi,Transporte puesto,396.25,0.2388
2023-10-21 00:00:00,Palmawasi,Cosecha puesto,367.0,1.12
2023-10-21 00:00:00,Palmawasi,Transporte puesto,271.46,0.2693
2023-10-22 00:00:00,Palmawasi,Transporte puesto,360.2,0.9859
2023-10-23 00:00:00,Palmawasi,Cosecha puesto,912.0,2.16
2023-10-23 00:00:00,Palmawasi,Transporte puesto,124.28,0.1795
2023-10-24 00:00:00,Palmawasi,Cosecha puesto,1103.0,2.59
2023-10-24 00:00:00,Palmawasi,Transporte puesto,169.29,0.2006
2023-10-25 00:00:00,Palmawasi,Cosecha puesto,873.0,2.45
2023-10-25 00:00:00,Palmawasi,Transporte puesto,1334.685,1.0225
2023-10-26 00:00:00,Palmawasi,Cosecha puesto,1037.0,2.59
2023-10-27 00:00:00,Palmawasi,Cosecha puesto,848.0,1.99
2023-10-27 00:00:00,Palmawasi,Transporte puesto,614.9,0.9729
2023-10-28 00:00:00,Palmawasi,Cosecha puesto,580.0,1.46
2023-10-28 00:00:00,Palmawasi,Transporte puesto,424.58000000000004,0.6517
2023-10-29 00:00:00,Palmawasi,Transporte puesto,108.88,0.0857
2023-10-30 00:00:00,Palmawasi,Cosecha puesto,798.0,1.94
2023-10-30 00:00:00,Palmawasi,Transporte puesto,394.28,0.5046999999999999
2023-10-31 00:00:00,Palmawasi,Cosecha puesto,928.0,1.9300000000000002
2023-10-31 00:00:00,Palmawasi,Transporte puesto,854.596,0.7968
2023-11-01 00:00:00,Palmawasi,Cosecha puesto,683.0,1.31
2023-11-01 00:00:00,Palmawasi,Transporte puesto,460.48,0.2056
2023-11-02 00:00:00,Palmawasi,Cosecha puesto,533.0,1.33
2023-11-02 00:00:00,Palmawasi,Transporte puesto,514.41,0.49310000000000004
2023-11-03 00:00:00,Palmawasi,Cosecha puesto,580.0,1.47
2023-11-04 00:00:00,Palmawasi,Transporte puesto,43.68,0.0366
2023-11-06 00:00:00,Palmawasi,Cosecha puesto,1038.0,2.8
2023-11-06 00:00:00,Palmawasi,Transporte puesto,769.992,1.0553
2023-11-07 00:00:00,Palmawasi,Cosecha puesto,733.0,1.83
2023-11-07 00:00:00,Palmawasi,Transporte puesto,271.9,0.4235
2023-11-08 00:00:00,Palmawasi,Cosecha puesto,872.0,3.14
2023-11-08 00:00:00,Palmawasi,Transporte puesto,640.16,0.9098999999999999
2023-11-09 00:00:00,Palmawasi,Cosecha puesto,1142.0,2.6
2023-11-09 00:00:00,Palmawasi,Transporte puesto,735.16,0.8001
2023-11-10 00:00:00,Palmawasi,Cosecha puesto,640.0,1.3599999999999999
2023-11-10 00:00:00,Palmawasi,Transporte puesto,964.1800000000001,0.6698
2023-11-11 00:00:00,Palmawasi,Cosecha puesto,620.0,1.74
2023-11-11 00:00:00,Palmawasi,Transporte puesto,420.0,0.7833
2023-11-13 00:00:00,Palmawasi,Cosecha puesto,995.0,6.23
2023-11-13 00:00:00,Palmawasi,Transporte puesto,791.716,0.5574
2023-11-14 00:00:00,Palmawasi,Cosecha puesto,925.0,2.13
2023-11-14 00:00:00,Palmawasi,Transporte puesto,487.56,0.3844
2023-11-15 00:00:00,Palmawasi,Cosecha puesto,942.0,2.6100000000000003
2023-11-15 00:00:00,Palmawasi,Transporte puesto,945.356,1.162
2023-11-16 00:00:00,Palmawasi,Cosecha puesto,967.0,3.59
2023-11-16 00:00:00,Palmawasi,Transporte puesto,277.32,0.2131
2023-11-17 00:00:00,Palmawasi,Cosecha puesto,889.0,2.02
2023-11-17 00:00:00,Palmawasi,Transporte puesto,894.3396,0.692
2023-11-18 00:00:00,Palmawasi,Cosecha puesto,580.0,1.1400000000000001
2023-11-18 00:00:00,Palmawasi,Transporte puesto,575.4497,0.71
2023-11-20 00:00:00,Palmawasi,Cosecha puesto,971.0,2.56
2023-11-20 00:00:00,Palmawasi,Transporte puesto,637.3396,0.8965000000000001
2023-11-21 00:00:00,Nuevo Horizonte,Cosecha puesto,32.0,0.12
2023-11-21 00:00:00,Nuevo Horizonte,Transporte puesto,51.8399,0.1039
2023-11-21 00:00:00,Palmawasi,Cosecha puesto,867.0,1.75
2023-11-21 00:00:00,Palmawasi,Transporte puesto,356.4503,0.26749999999999996
2023-11-23 00:00:00,Palmawasi,Cosecha puesto,788.0,1.5299999999999998
2023-11-23 00:00:00,Palmawasi,Transporte puesto,403.928,0.5573
2023-11-24 00:00:00,Palmawasi,Cosecha puesto,854.0,1.3499999999999999
2023-11-25 00:00:00,Palmawasi,Cosecha puesto,568.0,1.18
2023-11-25 00:00:00,Palmawasi,Transporte puesto,161.2648,0.1052
2023-11-27 00:00:00,Palmawasi,Cosecha puesto,736.0,1.8
2023-11-27 00:00:00,Palmawasi,Transporte puesto,551.1997,0.723
2023-11-28 00:00:00,Palmawasi,Cosecha puesto,873.0,1.5499999999999998
2023-11-28 00:00:00,Palmawasi,Transporte puesto,510.33219999999994,0.33299999999999996
2023-11-29 00:00:00,Palmawasi,Cosecha puesto,1134.0,3.66
2023-11-29 00:00:00,Palmawasi,Transporte puesto,793.0798,0.8126
2023-11-30 00:00:00,Nuevo Horizonte,Cosecha puesto,32.0,0.08
2023-11-30 00:00:00,Nuevo Horizonte,Transporte puesto,43.57,0.01
2023-11-30 00:00:00,Palmawasi,Cosecha puesto,965.0,2.22
2023-11-30 00:00:00,Palmawasi,Transporte puesto,407.4405,0.2156
2023-12-01 00:00:00,Palmawasi,Cosecha puesto,876.0,1.75
2023-12-01 00:00:00,Palmawasi,Transporte puesto,715.6797,0.43879999999999997
2023-12-04 00:00:00,Palmawasi,Cosecha puesto,774.0,4.5
2023-12-04 00:00:00,Palmawasi,Transporte puesto,671.7597,0.3935
2023-12-05 00:00:00,Palmawasi,Cosecha puesto,790.0,2.5300000000000002
2023-12-05 00:00:00,Palmawasi,Transporte puesto,584.8609,0.34650000000000003
2023-12-06 00:00:00,Palmawasi,Cosecha puesto,860.0,2.4299999999999997
2023-12-06 00:00:00,Palmawasi,Transporte puesto,675.8297,0.6147
2023-12-07 00:00:00,Palmawasi,Cosecha puesto,206.0,0.45
2023-12-07 00:00:00,Palmawasi,Transporte puesto,269.8547,0.177
2023-12-08 00:00:00,Palmawasi,Cosecha puesto,547.0,1.1600000000000001
2023-12-08 00:00:00,Palmawasi,Transporte puesto,315.4939,0.1276
2023-12-11 00:00:00,Palmawasi,Cosecha puesto,379.0,1.45
2023-12-15 00:00:00,Palmawasi,Cosecha puesto,239.0,0.68
2023-12-15 00:00:00,Palmawasi,Transporte puesto,235.6693,0.3934
2023-12-16 00:00:00,Palmawasi,Cosecha puesto,565.0,1.88
2023-12-16 00:00:00,Palmawasi,Transporte puesto,654.4052,0.5532
2023-12-18 00:00:00,Palmawasi,Cosecha puesto,901.0,2.44
2023-12-18 00:00:00,Palmawasi,Transporte puesto,496.4697,0.173
2023-12-20 00:00:00,Palmawasi,Cosecha puesto,720.0,2.0
2023-12-20 00:00:00,Palmawasi,Transporte puesto,544.1498,0.4491
2023-12-21 00:00:00,Palmawasi,Cosecha puesto,778.0,1.92
2023-12-21 00:00:00,Palmawasi,Transporte puesto,490.7444,0.26539999999999997
2023-12-22 00:00:00,Palmawasi,Cosecha puesto,156.0,0.33
2023-12-23 00:00:00,Palmawasi,Cosecha puesto,420.0,0.88
2023-12-23 00:00:00,Palmawasi,Transporte puesto,519.1972000000001,0.5267
2023-12-26 00:00:00,Palmawasi,Cosecha puesto,532.0,0.99
2023-12-26 00:00:00,Palmawasi,Transporte puesto,300.0517,0.1359
2023-12-26 17:00:00,Shanuzi,Transporte puesto,265.7,2.865406090918006
2023-12-27 00:00:00,Palmawasi,Cosecha puesto,196.0,0.75
2023-12-27 17:00:00,Shanuzi,Transporte bin,74.32,0.004689945309213294
2023-12-28 00:00:00,Palmawasi,Cosecha puesto,709.0,2.1900000000000004
2023-12-28 00:00:00,Palmawasi,Transporte puesto,648.2293,0.25739999999999996
2023-12-28 17:00:00,Shanuzi,Transporte bin,111.8,0.013051956247370638
2023-12-29 17:00:00,Shanuzi,Transporte puesto,129.4,1.800162389452754
2023-12-30 00:00:00,Palmawasi,Cosecha puesto,906.0,1.87
2023-12-30 00:00:00,Palmawasi,Transporte puesto,756.6197,0.5502
2024-01-02 00:00:00,Palmawasi,Cosecha puesto,376.0,1.1600000000000001
2024-01-02 00:00:00,Palmawasi,Transporte puesto,138.4821,0.4372
2024-01-02 00:00:00,Shanuzi,Cosecha puesto,368.27,1.3900000000000001
2024-01-02 17:00:00,Shanuzi,Transporte bin,54.0,0.008746318889356333
2024-01-02 17:00:00,Shanuzi,Transporte puesto,142.1,0.9297806056246146
2024-01-03 00:00:00,Palmawasi,Cosecha puesto,626.0,1.24
2024-01-03 00:00:00,Palmawasi,Transporte puesto,476.9695,0.2714
2024-01-03 00:00:00,Shanuzi,Cosecha puesto,592.28,2.12
2024-01-03 17:00:00,Shanuzi,Transporte bin,233.0,0.029161758519141774
2024-01-03 17:00:00,Shanuzi,Transporte puesto,339.6,1.9831877354020033
2024-01-04 00:00:00,Palmawasi,Cosecha puesto,477.0,0.8500000000000001
2024-01-04 00:00:00,Palmawasi,Transporte puesto,476.5698,0.1768
2024-01-04 00:00:00,Shanuzi,Cosecha puesto,727.1200000000001,6.01
2024-01-04 17:00:00,Shanuzi,Transporte bin,370.2,0.042829196466133784
2024-01-04 17:00:00,Shanuzi,Transporte puesto,85.76,0.5139206496759299
2024-01-05 00:00:00,Shanuzi,Cosecha puesto,732.02,7.9
2024-01-05 17:00:00,Shanuzi,Transporte bin,391.1,0.08638094236432478
2024-01-05 17:00:00,Shanuzi,Transporte puesto,71.32,0.21144619828813782
2024-01-06 00:00:00,Palmawasi,Cosecha puesto,561.0,1.34
2024-01-06 00:00:00,Palmawasi,Transporte bin,155.77,0.0375
2024-01-06 00:00:00,Palmawasi,Transporte puesto,327.0398,0.19920000000000002
2024-01-06 00:00:00,Shanuzi,Cosecha puesto,196.22,2.32
2024-01-06 17:00:00,Shanuzi,Transporte puesto,234.39,1.055227146300116
2024-01-08 00:00:00,Palmawasi,Cosecha puesto,777.0,5.609999999999999
2024-01-08 00:00:00,Palmawasi,Transporte puesto,685.9397,0.4542
2024-01-08 00:00:00,Shanuzi,Cosecha puesto,1627.02,18.419999999999998
2024-01-08 17:00:00,Shanuzi,Transporte puesto,63.85,0.19220804096765393
2024-01-09 00:00:00,Palmawasi,Cosecha puesto,573.0,1.72
2024-01-09 00:00:00,Palmawasi,Transporte puesto,371.13300000000004,0.4467
2024-01-09 00:00:00,Shanuzi,Cosecha puesto,2116.22,14.05
2024-01-09 00:00:00,Shanuzi,Transporte puesto,0.0,1.8540893261964728
2024-01-09 17:00:00,Shanuzi,Transporte puesto,582.77,2.349751685593779
2024-01-10 00:00:00,Nuevo Horizonte,Cosecha puesto,26.0,0.05
2024-01-10 00:00:00,Palmawasi,Cosecha puesto,1321.0,5.0
2024-01-10 00:00:00,Palmawasi,Transporte puesto,991.8163,0.46549999999999997
2024-01-10 00:00:00,Shanuzi,Cosecha puesto,1630.52,11.879999999999999
2024-01-10 17:00:00,Shanuzi,Transporte bin,246.9549999999998,0.23947466344131246
2024-01-10 17:00:00,Shanuzi,Transporte puesto,552.879,1.7539562455693116
2024-01-11 00:00:00,Palmawasi,Cosecha puesto,665.0,1.9
2024-01-11 00:00:00,Palmawasi,Transporte puesto,217.6135,0.1162
2024-01-11 00:00:00,Shanuzi,Cosecha puesto,459.16,3.64
2024-01-11 17:00:00,Shanuzi,Transporte puesto,1477.699,6.457184388035662
2024-01-12 00:00:00,Palmawasi,Transporte bin,114.78,0.0336
2024-01-12 00:00:00,Shanuzi,Cosecha puesto,1351.02,8.3
2024-01-12 17:00:00,Shanuzi,Transporte bin,234.73700000000005,0.09628463399242745
2024-01-12 17:00:00,Shanuzi,Transporte puesto,563.666,1.3271157181898339
2024-01-13 00:00:00,Palmawasi,Cosecha puesto,476.0,1.57
2024-01-13 00:00:00,Shanuzi,Cosecha puesto,1675.4199999999998,18.16
2024-01-13 17:00:00,Shanuzi,Transporte puesto,409.8,2.7355253132448674
2024-01-15 00:00:00,Palmawasi,Cosecha puesto,163.0,0.39
2024-01-15 00:00:00,Palmawasi,Transporte bin,197.0,0.2499
2024-01-15 00:00:00,Shanuzi,Cosecha puesto,949.52,10.14
2024-01-16 00:00:00,Palmawasi,Cosecha puesto,611.0,2.09
2024-01-16 00:00:00,Palmawasi,Transporte puesto,457.6269,0.497
2024-01-16 00:00:00,Shanuzi,Cosecha puesto,1198.74,6.92
2024-01-16 17:00:00,Shanuzi,Transporte bin,356.0,0.20829070256626
2024-01-16 17:00:00,Shanuzi,Transporte puesto,651.7629999999999,2.8207145406467347
2024-01-17 00:00:00,Nuevo Horizonte,Cosecha puesto,41.0,0.06
2024-01-17 00:00:00,Nuevo Horizonte,Transporte puesto,42.82,0.0299
2024-01-17 00:00:00,Palmawasi,Cosecha puesto,978.0,2.53
2024-01-17 00:00:00,Palmawasi,Transporte puesto,382.9759,0.1048
2024-01-17 00:00:00,Shanuzi,Cosecha puesto,1012.07,5.3
2024-01-17 17:00:00,Shanuzi,Transporte bin,425.1290000000001,0.2991284192259151
2024-01-18 00:00:00,Palmawasi,Cosecha puesto,854.0,2.94
2024-01-18 00:00:00,Palmawasi,Transporte puesto,301.3753,0.6411
2024-01-18 00:00:00,Shanuzi,Cosecha puesto,422.82,2.08
2024-01-18 17:00:00,Shanuzi,Transporte puesto,490.4560000000001,2.7258735374829746
2024-01-19 00:00:00,Shanuzi,Cosecha puesto,2128.84,7.0200000000000005
2024-01-19 17:00:00,Shanuzi,Transporte bin,546.9079999999994,0.10756394194362633
2024-01-19 17:00:00,Shanuzi,Transporte puesto,704.1070000000002,2.600905030656283
2024-01-20 00:00:00,Palmawasi,Cosecha puesto,628.0,1.3900000000000001
2024-01-20 00:00:00,Palmawasi,Transporte puesto,423.6103,0.4838
2024-01-20 00:00:00,Shanuzi,Cosecha puesto,916.76,4.53
2024-01-20 17:00:00,Shanuzi,Transporte puesto,536.1049999999998,2.215734855067527
2024-01-21 17:00:00,Shanuzi,Transporte puesto,0.0,0.11473299748110831
2024-01-22 00:00:00,Palmawasi,Cosecha puesto,1241.0,3.23
2024-01-22 00:00:00,Palmawasi,Transporte puesto,1079.8806,1.3184
2024-01-22 00:00:00,Shanuzi,Cosecha puesto,1226.73,7.58
2024-01-22 17:00:00,Shanuzi,Transporte puesto,838.459999999999,4.038183674662202
2024-01-23 00:00:00,Palmawasi,Cosecha puesto,386.0,0.64
2024-01-23 00:00:00,Palmawasi,Transporte bin,229.0,0.0204
2024-01-23 00:00:00,Palmawasi,Transporte puesto,482.41970000000003,0.3168
2024-01-23 00:00:00,Shanuzi,Cosecha puesto,1116.54,7.139999999999999
2024-01-23 17:00:00,Shanuzi,Transporte bin,200.862,0.09802268405553219
2024-01-23 17:00:00,Shanuzi,Transporte puesto,717.4919999999995,1.2698458713054583
2024-01-24 00:00:00,Nuevo Horizonte,Cosecha puesto,21.0,0.04
2024-01-24 00:00:00,Nuevo Horizonte,Transporte puesto,43.0499,0.1184
2024-01-24 00:00:00,Palmawasi,Cosecha puesto,835.0,1.84
2024-01-24 00:00:00,Palmawasi,Transporte puesto,348.58979999999997,0.5911
2024-01-24 00:00:00,Shanuzi,Cosecha puesto,1178.88,8.94
2024-01-24 17:00:00,Shanuzi,Transporte puesto,556.5809999999999,5.772230128632963
2024-01-25 00:00:00,Palmawasi,Cosecha puesto,917.0,2.3
2024-01-25 00:00:00,Palmawasi,Transporte puesto,813.5196,1.0025
2024-01-25 00:00:00,Shanuzi,Cosecha puesto,1134.74,5.8
2024-01-25 17:00:00,Shanuzi,Transporte puesto,699.4729999999998,1.9427642743547309
2024-01-26 00:00:00,Shanuzi,Cosecha puesto,1068.02,2.58
2024-01-26 17:00:00,Shanuzi,Transporte bin,169.0,0.08922801851072781
2024-01-26 17:00:00,Shanuzi,Transporte puesto,86.40799999999997,0.20735480589810507
2024-01-27 00:00:00,Palmawasi,Cosecha puesto,409.0,0.98
2024-01-27 00:00:00,Palmawasi,Transporte puesto,290.84979999999996,0.09140000000000001
2024-01-27 00:00:00,Shanuzi,Cosecha puesto,1199.98,5.8
2024-01-27 17:00:00,Shanuzi,Transporte puesto,355.822,0.7071653125443038
2024-01-29 00:00:00,Nuevo Horizonte,Cosecha puesto,23.0,0.08
2024-01-29 00:00:00,Nuevo Horizonte,Transporte puesto,43.0499,0.0987
2024-01-29 00:00:00,Palmawasi,Cosecha puesto,895.0,2.23
2024-01-29 00:00:00,Palmawasi,Transporte puesto,368.7197,0.5875
2024-01-29 00:00:00,Shanuzi,Cosecha puesto,184.97,0.89
2024-01-29 17:00:00,Shanuzi,Transporte puesto,313.381,0.1734333043313504
2024-01-30 00:00:00,Palmawasi,Cosecha puesto,758.0,2.2199999999999998
2024-01-30 00:00:00,Palmawasi,Transporte puesto,325.2798,0.6808000000000001
2024-01-30 00:00:00,Shanuzi,Cosecha puesto,702.6999999999999,2.97
2024-01-30 17:00:00,Shanuzi,Transporte puesto,873.9039999999999,6.750610782126074
2024-01-31 00:00:00,Palmawasi,Cosecha puesto,794.0,1.55
2024-01-31 00:00:00,Palmawasi,Transporte puesto,541.078,0.8087
2024-01-31 17:00:00,Shanuzi,Transporte puesto,404.0,0.2805212560687542
2024-02-01 00:00:00,Palmawasi,Cosecha puesto,527.0,2.06
2024-02-01 00:00:00,Palmawasi,Transporte puesto,216.8482,0.3099
2024-02-01 00:00:00,Shanuzi,Cosecha puesto,307.18,1.16
2024-02-01 17:00:00,Shanuzi,Transporte puesto,85.0,0.39435173467139695
2024-02-02 00:00:00,Palmawasi,Transporte bin,171.0,0.1212
2024-02-02 00:00:00,Shanuzi,Cosecha puesto,332.24,1.94
2024-02-02 17:00:00,Shanuzi,Transporte bin,156.0,0.034373187985619856
2024-02-03 00:00:00,Nuevo Horizonte,Cosecha puesto,8.0,0.01
2024-02-03 00:00:00,Nuevo Horizonte,Transporte puesto,34.71,0.0114
2024-02-03 00:00:00,Palmawasi,Cosecha puesto,392.0,1.15
2024-02-03 00:00:00,Palmawasi,Transporte puesto,406.317,0.323
2024-02-05 00:00:00,Palmawasi,Cosecha puesto,596.0,1.89
2024-02-05 00:00:00,Palmawasi,Transporte puesto,366.7426,0.9961
2024-02-05 00:00:00,Shanuzi,Cosecha puesto,76.05,0.19
2024-02-06 00:00:00,Palmawasi,Cosecha puesto,661.0,1.88
2024-02-06 00:00:00,Palmawasi,Transporte bin,160.0,0.0602
2024-02-06 00:00:00,Palmawasi,Transporte puesto,90.7452,0.0757
2024-02-06 00:00:00,Shanuzi,Cosecha puesto,503.21000000000004,1.99
2024-02-06 17:00:00,Shanuzi,Transporte puesto,317.3749999999999,0.679785635363865
2024-02-07 00:00:00,Palmawasi,Cosecha puesto,1122.0,2.8699999999999997
2024-02-07 00:00:00,Palmawasi,Transporte puesto,791.6227,0.777
2024-02-07 00:00:00,Shanuzi,Cosecha puesto,567.36,3.0199999999999996
2024-02-07 17:00:00,Shanuzi,Transporte bin,101.0,0.014523947582048013
2024-02-07 17:00:00,Shanuzi,Transporte puesto,456.3749999999999,0.6038522716375238
2024-02-08 00:00:00,Palmawasi,Cosecha puesto,318.0,0.59
2024-02-08 00:00:00,Shanuzi,Cosecha puesto,252.60999999999999,1.9300000000000002
2024-02-09 00:00:00,Shanuzi,Cosecha puesto,369.54,1.3
2024-02-09 17:00:00,Shanuzi,Transporte bin,156.0,0.02460396613707527
2024-02-10 00:00:00,Palmawasi,Cosecha puesto,588.0,1.29
2024-02-10 00:00:00,Palmawasi,Transporte puesto,438.3997,0.6301
2024-02-10 00:00:00,Shanuzi,Cosecha puesto,446.90999999999997,1.6600000000000001
2024-02-10 17:00:00,Shanuzi,Transporte bin,235.0,0.05014496115041169
2024-02-10 17:00:00,Shanuzi,Transporte puesto,335.0,1.039953526528885
2024-02-12 00:00:00,Palmawasi,Cosecha puesto,329.0,0.78
2024-02-12 00:00:00,Palmawasi,Transporte bin,146.57,0.0106
2024-02-12 00:00:00,Palmawasi,Transporte puesto,115.3823,0.1238
2024-02-12 00:00:00,Shanuzi,Cosecha puesto,528.9100000000001,2.06
2024-02-12 17:00:00,Shanuzi,Transporte puesto,61.0,0.3018062827225131
2024-02-13 00:00:00,Palmawasi,Cosecha puesto,551.0,1.6300000000000001
2024-02-13 00:00:00,Palmawasi,Transporte puesto,214.26670000000001,0.3067
2024-02-13 00:00:00,Shanuzi,Cosecha puesto,131.08,0.45
2024-02-14 00:00:00,Palmawasi,Cosecha puesto,664.0,1.35
2024-02-14 00:00:00,Palmawasi,Transporte puesto,309.8359,0.38
2024-02-14 00:00:00,Shanuzi,Cosecha puesto,222.96,0.97
2024-02-14 17:00:00,Shanuzi,Transporte puesto,262.0,0.024116156617443287
2024-02-15 00:00:00,Palmawasi,Cosecha puesto,699.0,1.52
2024-02-15 00:00:00,Palmawasi,Transporte puesto,291.1599,0.118
2024-02-15 00:00:00,Shanuzi,Cosecha puesto,292.62,1.78
2024-02-15 17:00:00,Shanuzi,Transporte puesto,358.0,1.184596115697918
2024-02-16 00:00:00,Shanuzi,Cosecha puesto,204.93,1.12
2024-02-16 17:00:00,Shanuzi,Transporte bin,101.0,0.024831265220920794
2024-02-16 17:00:00,Shanuzi,Transporte puesto,443.0,0.6134251702265524
2024-02-17 00:00:00,Palmawasi,Cosecha puesto,423.0,1.23
2024-02-17 00:00:00,Palmawasi,Transporte puesto,231.6898,0.09
2024-02-17 00:00:00,Shanuzi,Cosecha puesto,162.88,0.75
2024-02-17 17:00:00,Shanuzi,Transporte puesto,92.0,0.1679144069052975
2024-02-19 00:00:00,Palmawasi,Cosecha puesto,651.0,2.02
2024-02-19 00:00:00,Palmawasi,Transporte puesto,319.5549,0.1598
2024-02-19 00:00:00,Shanuzi,Cosecha puesto,310.86,1.8900000000000001
2024-02-19 17:00:00,Shanuzi,Transporte bin,72.0,0.02538327728168851
2024-02-19 17:00:00,Shanuzi,Transporte puesto,537.0,0.3339297455401302
2024-02-20 00:00:00,Nuevo Horizonte,Cosecha puesto,13.0,0.02
2024-02-20 00:00:00,Nuevo Horizonte,Transporte puesto,31.26,0.0444
2024-02-20 00:00:00,Palmawasi,Cosecha puesto,679.0,1.64
2024-02-20 00:00:00,Palmawasi,Transporte puesto,183.5199,0.2403
2024-02-20 00:00:00,Shanuzi,Cosecha puesto,359.22,1.54
2024-02-20 17:00:00,Shanuzi,Transporte bin,105.0,0.04699002667285168
2024-02-20 17:00:00,Shanuzi,Transporte puesto,188.0,0.15843075378326044
2024-02-21 00:00:00,Shanuzi,Cosecha puesto,171.79,0.78
2024-02-21 00:00:00,Shanuzi,Transporte puesto,0.0,0.1245836109260493
2024-02-21 17:00:00,Shanuzi,Transporte puesto,170.0,0.887855076834727
2024-02-22 00:00:00,Shanuzi,Cosecha puesto,307.52,1.13
2024-02-23 00:00:00,Palmawasi,Transporte bin,143.0,0.0116
2024-02-23 00:00:00,Shanuzi,Cosecha puesto,282.43,0.75
2024-02-23 17:00:00,Shanuzi,Transporte bin,89.0,0.013107967064826628
2024-02-24 00:00:00,Shanuzi,Cosecha puesto,532.86,2.2600000000000002
2024-02-24 17:00:00,Shanuzi,Transporte puesto,107.0,0.1184122404571784
2024-02-26 00:00:00,Shanuzi,Cosecha puesto,116.08,0.36
2024-02-26 17:00:00,Shanuzi,Transporte puesto,152.0,0.10754209707089289
2024-02-27 00:00:00,Palmawasi,Cosecha puesto,126.0,0.24
2024-02-27 00:00:00,Palmawasi,Transporte puesto,83.4069,0.0673
2024-02-27 00:00:00,Shanuzi,Cosecha puesto,115.44,0.26
2024-02-27 17:00:00,Shanuzi,Transporte puesto,200.0,0.1963350785340314
2024-02-28 00:00:00,Palmawasi,Cosecha puesto,405.0,0.74
2024-02-28 00:00:00,Palmawasi,Transporte bin,129.0,0.0372
2024-02-28 00:00:00,Palmawasi,Transporte puesto,372.8098,0.41259999999999997
2024-02-28 00:00:00,Shanuzi,Cosecha puesto,148.38,0.48000000000000004
2024-02-28 17:00:00,Shanuzi,Transporte puesto,135.0,0.21143676849346335
2024-02-29 00:00:00,Palmawasi,Transporte bin,154.0,0.01
2024-02-29 17:00:00,Shanuzi,Transporte bin,137.0,0.060965804935370155
2024-02-29 17:00:00,Shanuzi,Transporte puesto,47.0,0.07139346825715946
2024-03-01 00:00:00,Shanuzi,Cosecha puesto,384.16,1.1600000000000001
2024-03-01 17:00:00,Shanuzi,Transporte puesto,101.0,0.834749664859824
2024-03-02 00:00:00,Palmawasi,Cosecha puesto,507.0,1.01
2024-03-02 00:00:00,Palmawasi,Transporte puesto,265.86990000000003,0.1678
2024-03-04 00:00:00,Palmawasi,Cosecha puesto,675.0,1.78
2024-03-04 00:00:00,Palmawasi,Transporte puesto,408.2998,0.6214999999999999
2024-03-05 00:00:00,Nuevo Horizonte,Cosecha puesto,36.0,0.08
2024-03-05 00:00:00,Palmawasi,Cosecha puesto,827.0,1.24
2024-03-05 00:00:00,Palmawasi,Transporte puesto,184.9199,0.0875
2024-03-05 00:00:00,Shanuzi,Cosecha puesto,450.24,2.3600000000000003
2024-03-05 17:00:00,Shanuzi,Transporte bin,140.0,0.022956521739130438
2024-03-05 17:00:00,Shanuzi,Transporte puesto,95.0,0.09118673647469461
2024-03-06 00:00:00,Palmawasi,Cosecha puesto,478.0,7.390000000000001
2024-03-06 00:00:00,Palmawasi,Transporte puesto,325.8909,0.2027
2024-03-06 00:00:00,Shanuzi,Cosecha puesto,651.44,1.79
2024-03-06 17:00:00,Shanuzi,Transporte bin,116.0,0.048117508813160986
2024-03-06 17:00:00,Shanuzi,Transporte puesto,0.0,0.0
2024-03-07 00:00:00,Palmawasi,Cosecha puesto,510.0,1.04
2024-03-07 00:00:00,Palmawasi,Transporte puesto,135.9561,0.0717
2024-03-07 00:00:00,Shanuzi,Cosecha puesto,444.29,1.4500000000000002
2024-03-08 00:00:00,Palmawasi,Cosecha puesto,162.0,0.44
2024-03-08 00:00:00,Palmawasi,Transporte bin,111.0,0.0286
2024-03-08 00:00:00,Palmawasi,Transporte puesto,138.3861,0.0817
2024-03-08 00:00:00,Shanuzi,Cosecha puesto,281.64,0.8899999999999999
2024-03-08 17:00:00,Shanuzi,Transporte bin,50.0,0.004935370152761457
2024-03-08 17:00:00,Shanuzi,Transporte puesto,472.0,1.1209679479752013
2024-03-09 00:00:00,Palmawasi,Cosecha puesto,460.0,1.55
2024-03-09 00:00:00,Palmawasi,Transporte puesto,180.5598,0.23859999999999998
2024-03-09 00:00:00,Shanuzi,Cosecha puesto,643.19,2.9800000000000004
2024-03-09 17:00:00,Shanuzi,Transporte puesto,329.0,1.430081170577951
2024-03-11 00:00:00,Palmawasi,Cosecha puesto,625.0,1.3
2024-03-11 00:00:00,Palmawasi,Transporte puesto,429.1998,0.5688
2024-03-11 00:00:00,Shanuzi,Cosecha puesto,734.71,2.81
2024-03-11 17:00:00,Shanuzi,Transporte bin,112.0,0.024611045828437136
2024-03-11 17:00:00,Shanuzi,Transporte puesto,772.0,1.935738815439861
2024-03-12 00:00:00,Palmawasi,Cosecha puesto,641.0,8.05
2024-03-12 00:00:00,Palmawasi,Transporte puesto,710.3445,0.3542
2024-03-12 00:00:00,Shanuzi,Cosecha puesto,569.1600000000001,3.2199999999999998
2024-03-12 17:00:00,Shanuzi,Transporte puesto,506.0,2.7363126999484644
2024-03-13 00:00:00,Palmawasi,Cosecha puesto,661.0,1.03
2024-03-13 00:00:00,Palmawasi,Transporte puesto,340.7598,0.19790000000000002
2024-03-13 00:00:00,Shanuzi,Cosecha puesto,430.03,3.5
2024-03-13 17:00:00,Shanuzi,Transporte bin,88.0,0.01694853113983549
2024-03-13 17:00:00,Shanuzi,Transporte puesto,308.0,0.9396638616283028
2024-03-14 00:00:00,Palmawasi,Cosecha puesto,690.0,1.17
2024-03-14 00:00:00,Palmawasi,Transporte puesto,658.5396000000001,0.5936
2024-03-14 00:00:00,Shanuzi,Cosecha puesto,597.9200000000001,2.5
2024-03-14 17:00:00,Shanuzi,Transporte bin,87.0,0.01881081081081081
2024-03-14 17:00:00,Shanuzi,Transporte puesto,0.0,2.4457916650453324
2024-03-15 00:00:00,Shanuzi,Cosecha puesto,451.15000000000003,1.08
2024-03-15 17:00:00,Shanuzi,Transporte puesto,130.0,0.560611664575269
2024-03-16 00:00:00,Palmawasi,Cosecha puesto,420.0,0.89
2024-03-16 00:00:00,Palmawasi,Transporte bin,182.548,0.0271
2024-03-16 00:00:00,Palmawasi,Transporte puesto,305.1649,0.3242
2024-03-16 00:00:00,Shanuzi,Cosecha puesto,480.31,2.95
2024-03-16 17:00:00,Shanuzi,Transporte puesto,231.0,0.62052331695001
2024-03-17 17:00:00,Shanuzi,Transporte puesto,105.0,0.05026366794200564
2024-03-18 00:00:00,Palmawasi,Cosecha puesto,777.0,2.65
2024-03-18 00:00:00,Palmawasi,Transporte puesto,566.6296,0.6037
2024-03-18 00:00:00,Shanuzi,Cosecha puesto,459.94,1.9
2024-03-18 17:00:00,Shanuzi,Transporte bin,149.0,0.03279400705052879
2024-03-18 17:00:00,Shanuzi,Transporte puesto,0.0,0.3376087792262258
2024-03-19 00:00:00,Palmawasi,Cosecha puesto,461.0,0.95
2024-03-19 00:00:00,Palmawasi,Transporte puesto,173.6132,0.1364
2024-03-19 00:00:00,Shanuzi,Cosecha puesto,532.1,3.32
2024-03-19 17:00:00,Shanuzi,Transporte puesto,329.0,0.6132064917990944
2024-03-20 00:00:00,Nuevo Horizonte,Cosecha puesto,21.0,0.03
2024-03-20 00:00:00,Palmawasi,Cosecha puesto,731.0,2.3200000000000003
2024-03-20 00:00:00,Palmawasi,Transporte puesto,674.1995999999999,1.0607
2024-03-20 00:00:00,Shanuzi,Cosecha puesto,247.18,1.1600000000000001
2024-03-20 17:00:00,Shanuzi,Transporte bin,46.0,0.01783783783783784
2024-03-20 17:00:00,Shanuzi,Transporte puesto,176.0,0.8815337129476877
2024-03-21 00:00:00,Palmawasi,Cosecha puesto,476.0,1.29
2024-03-21 00:00:00,Palmawasi,Transporte puesto,303.622,0.2798
2024-03-21 00:00:00,Shanuzi,Cosecha puesto,660.96,1.56
2024-03-21 17:00:00,Shanuzi,Transporte bin,23.0,0.006486486486486486
2024-03-22 00:00:00,Palmawasi,Transporte bin,171.51,0.0261
2024-03-22 00:00:00,Shanuzi,Cosecha puesto,435.68,1.24
2024-03-23 00:00:00,Palmawasi,Cosecha puesto,561.0,1.44
2024-03-23 00:00:00,Palmawasi,Transporte puesto,521.7067,0.7075
2024-03-23 00:00:00,Shanuzi,Cosecha puesto,415.29999999999995,1.12
2024-03-23 17:00:00,Shanuzi,Transporte bin,119.0,0.026864864864864866
2024-03-25 00:00:00,Palmawasi,Cosecha puesto,452.0,1.11
2024-03-25 00:00:00,Palmawasi,Transporte puesto,167.1853,0.107
2024-03-25 00:00:00,Shanuzi,Cosecha puesto,290.61,1.66
2024-03-26 00:00:00,Palmawasi,Cosecha puesto,598.0,1.45
2024-03-26 00:00:00,Palmawasi,Transporte puesto,472.6897,0.4275
2024-03-26 00:00:00,Shanuzi,Cosecha puesto,443.63,2.39
2024-03-26 17:00:00,Shanuzi,Transporte bin,123.0,0.017474383078730907
2024-03-26 17:00:00,Shanuzi,Transporte puesto,145.0,0.14762878397229814
2024-03-27 00:00:00,Palmawasi,Transporte bin,188.138,0.0484
2024-03-27 00:00:00,Shanuzi,Cosecha puesto,67.31,0.1
2024-03-27 17:00:00,Shanuzi,Transporte puesto,209.0,0.735569222689954
2024-03-28 00:00:00,Palmawasi,Cosecha puesto,184.0,0.56
2024-03-28 00:00:00,Palmawasi,Transporte puesto,79.1899,0.0859
2024-03-28 17:00:00,Shanuzi,Transporte puesto,179.0,0.5889220931005976
2024-04-01 00:00:00,Palmawasi,Cosecha puesto,581.0,1.24
2024-04-01 00:00:00,Palmawasi,Transporte puesto,389.8447,0.31320000000000003
2024-04-01 00:00:00,Shanuzi,Cosecha puesto,186.69,1.37
2024-04-01 17:00:00,Shanuzi,Transporte bin,54.0,0.035660377358490564
2024-04-01 17:00:00,Shanuzi,Transporte puesto,254.0,2.497746433241095
2024-04-02 00:00:00,Palmawasi,Cosecha puesto,577.0,1.1800000000000002
2024-04-02 00:00:00,Palmawasi,Transporte puesto,490.429,0.483
2024-04-02 00:00:00,Shanuzi,Cosecha puesto,259.06,1.32
2024-04-02 17:00:00,Shanuzi,Transporte bin,126.0,0.013520636792452828
2024-04-02 17:00:00,Shanuzi,Transporte puesto,148.0,0.5730854458101275
2024-04-03 00:00:00,Nuevo Horizonte,Cosecha puesto,16.0,0.03
2024-04-03 00:00:00,Palmawasi,Cosecha puesto,859.0,2.27
2024-04-03 00:00:00,Palmawasi,Transporte puesto,173.7317,0.3388
2024-04-03 00:00:00,Shanuzi,Cosecha puesto,600.75,3.11
2024-04-03 17:00:00,Shanuzi,Transporte puesto,318.0,2.642277581360079
2024-04-04 00:00:00,Palmawasi,Cosecha puesto,618.0,1.8299999999999998
2024-04-04 00:00:00,Palmawasi,Transporte puesto,450.26970000000006,0.302
2024-04-04 00:00:00,Shanuzi,Cosecha puesto,495.31,2.11
2024-04-04 17:00:00,Shanuzi,Transporte puesto,445.0,2.5757898183644787
2024-04-05 00:00:00,Palmawasi,Transporte bin,162.72,0.0964
2024-04-05 00:00:00,Shanuzi,Cosecha puesto,546.12,2.92
2024-04-05 17:00:00,Shanuzi,Transporte puesto,260.0,1.0451600622061197
2024-04-06 00:00:00,Palmawasi,Cosecha puesto,559.0,1.43
2024-04-06 00:00:00,Palmawasi,Transporte puesto,574.2097,0.4414
2024-04-06 00:00:00,Shanuzi,Cosecha puesto,555.51,4.77
2024-04-06 17:00:00,Shanuzi,Transporte bin,64.0,0.0051320754716981136
2024-04-08 00:00:00,Palmawasi,Cosecha puesto,614.0,2.05
2024-04-08 00:00:00,Palmawasi,Transporte puesto,363.4497,0.3997
2024-04-08 00:00:00,Shanuzi,Cosecha puesto,413.69000000000005,3.04
2024-04-08 17:00:00,Shanuzi,Transporte bin,130.0,0.07358490566037734
2024-04-08 17:00:00,Shanuzi,Transporte puesto,380.0,1.8770901669537476
2024-04-09 00:00:00,Palmawasi,Cosecha puesto,701.0,1.44
2024-04-09 00:00:00,Palmawasi,Transporte puesto,589.6597,0.541
2024-04-09 00:00:00,Shanuzi,Cosecha puesto,665.89,3.51
2024-04-09 17:00:00,Shanuzi,Transporte puesto,206.0,0.4076146545491155
2024-04-10 00:00:00,Nuevo Horizonte,Cosecha puesto,22.0,0.06
2024-04-10 00:00:00,Palmawasi,Cosecha puesto,697.0,1.7999999999999998
2024-04-10 00:00:00,Palmawasi,Transporte puesto,224.4889,0.4408
2024-04-10 00:00:00,Shanuzi,Cosecha puesto,386.36,1.9100000000000001
2024-04-10 17:00:00,Shanuzi,Transporte puesto,213.0,2.553481877987255
2024-04-11 00:00:00,Palmawasi,Cosecha puesto,821.0,1.74
2024-04-11 00:00:00,Palmawasi,Transporte puesto,480.0698,0.30019999999999997
2024-04-11 00:00:00,Shanuzi,Cosecha puesto,332.36,1.68
2024-04-11 17:00:00,Shanuzi,Transporte puesto,277.0,1.6304492088596776
2024-04-12 00:00:00,Palmawasi,Cosecha puesto,199.0,0.33
2024-04-12 00:00:00,Palmawasi,Transporte bin,137.45,0.3495
2024-04-12 00:00:00,Palmawasi,Transporte puesto,268.6122,0.251
2024-04-12 00:00:00,Shanuzi,Cosecha puesto,202.78000000000003,0.64
2024-04-12 17:00:00,Shanuzi,Transporte puesto,270.0,0.8351399540968266
2024-04-13 00:00:00,Palmawasi,Cosecha puesto,499.0,2.9699999999999998
2024-04-13 00:00:00,Palmawasi,Transporte puesto,85.7043,0.0921
2024-04-13 00:00:00,Shanuzi,Cosecha puesto,566.36,2.03
2024-04-13 17:00:00,Shanuzi,Transporte bin,250.0,0.020697167755991286
2024-04-14 00:00:00,Palmawasi,Cosecha puesto,563.0,1.41
2024-04-14 00:00:00,Palmawasi,Transporte puesto,318.2071,0.1671
2024-04-15 00:00:00,Shanuzi,Cosecha puesto,509.44,1.96
2024-04-15 17:00:00,Shanuzi,Transporte puesto,180.0,1.0229622242979644
2024-04-16 00:00:00,Nuevo Horizonte,Cosecha puesto,20.0,0.07
2024-04-16 00:00:00,Palmawasi,Cosecha puesto,623.0,1.32
2024-04-16 00:00:00,Palmawasi,Transporte puesto,482.0397,1.6074
2024-04-16 00:00:00,Shanuzi,Cosecha puesto,457.59999999999997,1.79
2024-04-16 17:00:00,Shanuzi,Transporte bin,146.0,0.009367538126361655
2024-04-16 17:00:00,Shanuzi,Transporte puesto,202.0,0.9508938231555756
2024-04-17 00:00:00,Palmawasi,Cosecha puesto,409.0,0.85
2024-04-17 00:00:00,Shanuzi,Cosecha puesto,583.4200000000001,2.54
2024-04-17 17:00:00,Shanuzi,Transporte puesto,102.0,0.5126317599051781
2024-04-18 00:00:00,Palmawasi,Cosecha puesto,592.0,1.21
2024-04-18 00:00:00,Palmawasi,Transporte puesto,606.5197000000001,0.877
2024-04-18 00:00:00,Shanuzi,Cosecha puesto,272.67,0.58
2024-04-18 17:00:00,Shanuzi,Transporte bin,135.0,0.029075163398692812
2024-04-19 00:00:00,Palmawasi,Transporte bin,106.1589,0.0044
2024-04-19 00:00:00,Shanuzi,Cosecha puesto,56.0,0.2
2024-04-19 17:00:00,Shanuzi,Transporte bin,93.0,0.06990196078431374
2024-04-19 17:00:00,Shanuzi,Transporte puesto,72.0,0.0607042966113406
2024-04-20 00:00:00,Palmawasi,Cosecha puesto,478.0,0.91
2024-04-20 00:00:00,Palmawasi,Transporte puesto,330.6269,0.4128
2024-04-20 00:00:00,Shanuzi,Cosecha puesto,532.66,1.3
2024-04-20 17:00:00,Shanuzi,Transporte puesto,128.0,0.11081512028089047
2024-04-22 00:00:00,Palmawasi,Cosecha puesto,760.0,2.0700000000000003
2024-04-22 00:00:00,Palmawasi,Transporte puesto,440.0797,0.9198999999999999
2024-04-22 00:00:00,Shanuzi,Cosecha puesto,640.98,3.9699999999999998
2024-04-22 17:00:00,Shanuzi,Transporte puesto,68.0,0.07303647348400089
2024-04-23 00:00:00,Palmawasi,Cosecha puesto,508.0,1.07
2024-04-23 00:00:00,Palmawasi,Transporte bin,99.36,0.0044
2024-04-23 00:00:00,Palmawasi,Transporte puesto,418.4067,0.1058
2024-04-23 00:00:00,Shanuzi,Cosecha puesto,489.71,1.59
2024-04-23 17:00:00,Shanuzi,Transporte bin,102.0,0.011836601307189543
2024-04-23 17:00:00,Shanuzi,Transporte puesto,215.0,0.3360705891141648
2024-04-24 00:00:00,Nuevo Horizonte,Cosecha puesto,13.0,0.03
2024-04-24 00:00:00,Palmawasi,Cosecha puesto,597.0,1.32
2024-04-24 00:00:00,Palmawasi,Transporte puesto,485.0197,0.3424
2024-04-24 00:00:00,Shanuzi,Cosecha puesto,880.42,4.529999999999999
2024-04-24 17:00:00,Shanuzi,Transporte bin,449.0,0.1229281045751634
2024-04-24 17:00:00,Shanuzi,Transporte puesto,323.0,0.7280788204128491
2024-04-25 00:00:00,Palmawasi,Cosecha puesto,552.0,1.94
2024-04-25 00:00:00,Palmawasi,Transporte puesto,222.7206,0.3658
2024-04-25 00:00:00,Shanuzi,Cosecha puesto,315.98,0.8500000000000001
2024-04-25 17:00:00,Shanuzi,Transporte bin,127.0,0.039704793028322444
2024-04-26 00:00:00,Shanuzi,Cosecha puesto,449.51,1.35
2024-04-26 17:00:00,Shanuzi,Transporte puesto,338.0,0.8836995117272268
2024-04-27 00:00:00,Palmawasi,Cosecha puesto,372.0,0.83
2024-04-27 00:00:00,Palmawasi,Transporte puesto,370.1397,0.46900000000000003
2024-04-27 00:00:00,Shanuzi,Cosecha puesto,589.97,1.84
2024-04-27 17:00:00,Shanuzi,Transporte puesto,275.0,0.16059202073589016
2024-04-29 00:00:00,Palmawasi,Cosecha puesto,585.0,1.26
2024-04-29 00:00:00,Palmawasi,Transporte puesto,155.2441,0.2995
2024-04-29 00:00:00,Shanuzi,Cosecha puesto,317.16999999999996,1.03
2024-04-29 17:00:00,Shanuzi,Transporte puesto,325.0,0.514267712983933
2024-04-30 00:00:00,Nuevo Horizonte,Cosecha puesto,18.0,0.03
2024-04-30 00:00:00,Palmawasi,Cosecha puesto,610.0,1.76
2024-04-30 00:00:00,Palmawasi,Transporte puesto,267.2395,0.2006
2024-05-01 00:00:00,Shanuzi,Cosecha puesto,958.4,2.63
2024-05-01 17:00:00,Shanuzi,Transporte puesto,140.0,0.2910481927710843
2024-05-02 00:00:00,Palmawasi,Cosecha puesto,469.0,0.8099999999999999
2024-05-02 00:00:00,Palmawasi,Transporte puesto,258.2703,0.3492
2024-05-02 00:00:00,Shanuzi,Cosecha puesto,172.85,0.53
2024-05-02 17:00:00,Shanuzi,Transporte puesto,128.0,0.09136341039025603
2024-05-03 00:00:00,Palmawasi,Transporte bin,108.664,0.0044
2024-05-03 00:00:00,Shanuzi,Cosecha puesto,238.67000000000002,0.38
2024-05-04 00:00:00,Nuevo Horizonte,Cosecha puesto,17.0,0.03
2024-05-04 00:00:00,Palmawasi,Cosecha puesto,368.0,0.87
2024-05-04 00:00:00,Palmawasi,Transporte puesto,334.0498,0.3534
2024-05-06 00:00:00,Palmawasi,Cosecha puesto,578.0,1.17
2024-05-06 00:00:00,Palmawasi,Transporte puesto,176.7526,0.0712
2024-05-06 00:00:00,Shanuzi,Cosecha puesto,226.72,0.74
2024-05-06 17:00:00,Shanuzi,Transporte bin,43.0,0.06562691466083151
2024-05-06 17:00:00,Shanuzi,Transporte puesto,225.0,0.6914743147074462
2024-05-07 00:00:00,Palmawasi,Cosecha puesto,831.0,1.98
2024-05-07 00:00:00,Palmawasi,Transporte puesto,549.1598,0.3438
2024-05-07 00:00:00,Shanuzi,Cosecha puesto,580.1,2.27
2024-05-07 17:00:00,Shanuzi,Transporte bin,251.0,0.0967253829321663
2024-05-07 17:00:00,Shanuzi,Transporte puesto,91.0,0.23407158043940465
2024-05-08 00:00:00,Palmawasi,Cosecha puesto,503.0,0.95
2024-05-08 00:00:00,Palmawasi,Transporte puesto,256.6898,0.0698
2024-05-08 00:00:00,Shanuzi,Cosecha puesto,752.9300000000001,3.34
2024-05-08 17:00:00,Shanuzi,Transporte bin,133.0,0.05899562363238512
2024-05-08 17:00:00,Shanuzi,Transporte puesto,120.0,0.18208333333333332
2024-05-09 00:00:00,Palmawasi,Cosecha puesto,628.0,1.1900000000000002
2024-05-09 00:00:00,Palmawasi,Transporte puesto,479.59979999999996,0.335
2024-05-09 00:00:00,Shanuzi,Cosecha puesto,490.49,1.73
2024-05-09 17:00:00,Shanuzi,Transporte bin,48.0,0.14451641137855578
2024-05-09 17:00:00,Shanuzi,Transporte puesto,78.0,1.4728187919463085
2024-05-10 00:00:00,Palmawasi,Transporte bin,159.14,0.0125
2024-05-10 00:00:00,Palmawasi,Transporte puesto,148.9499,0.1157
2024-05-10 00:00:00,Shanuzi,Cosecha puesto,217.4,0.62
2024-05-11 00:00:00,Palmawasi,Cosecha puesto,380.0,1.03
2024-05-11 00:00:00,Palmawasi,Transporte puesto,416.9597,0.37849999999999995
2024-05-11 00:00:00,Shanuzi,Cosecha puesto,726.51,2.74
2024-05-11 17:00:00,Shanuzi,Transporte bin,91.0,0.01097592997811816
2024-05-11 17:00:00,Shanuzi,Transporte puesto,271.0,0.6148767236473899
2024-05-13 00:00:00,Palmawasi,Cosecha puesto,648.0,1.56
2024-05-13 00:00:00,Palmawasi,Transporte puesto,408.0018,0.401
2024-05-13 00:00:00,Shanuzi,Cosecha puesto,373.01,1.1
2024-05-13 17:00:00,Shanuzi,Transporte puesto,246.0,2.1457516147571485
2024-05-14 00:00:00,Palmawasi,Cosecha puesto,290.0,1.26
2024-05-14 00:00:00,Palmawasi,Transporte puesto,130.5699,0.0499
2024-05-14 00:00:00,Shanuzi,Cosecha puesto,699.76,3.5500000000000003
2024-05-14 17:00:00,Shanuzi,Transporte bin,260.0,0.04151599901215849
2024-05-15 00:00:00,Palmawasi,Cosecha puesto,608.0,1.36
2024-05-15 00:00:00,Palmawasi,Transporte puesto,445.0481,0.3645
2024-05-15 00:00:00,Shanuzi,Cosecha puesto,601.4699999999999,2.36
2024-05-15 17:00:00,Shanuzi,Transporte bin,260.0,0.0800328227571116
2024-05-16 00:00:00,Palmawasi,Cosecha puesto,655.0,1.34
2024-05-16 00:00:00,Shanuzi,Cosecha puesto,668.5699999999999,2.96
2024-05-16 17:00:00,Shanuzi,Transporte bin,25.0,0.032699124726477014
2024-05-16 17:00:00,Shanuzi,Transporte puesto,413.0,0.5009460249794782
2024-05-17 00:00:00,Palmawasi,Transporte bin,173.7,0.011
2024-05-17 00:00:00,Shanuzi,Cosecha puesto,374.22999999999996,1.29
2024-05-18 00:00:00,Palmawasi,Cosecha puesto,467.0,1.22
2024-05-18 00:00:00,Palmawasi,Transporte puesto,259.0399,0.073
2024-05-18 00:00:00,Shanuzi,Cosecha puesto,661.39,2.39
2024-05-18 17:00:00,Shanuzi,Transporte bin,127.0,0.06882822757111598
2024-05-18 17:00:00,Shanuzi,Transporte puesto,237.0,0.23254229941262988
2024-05-20 00:00:00,Palmawasi,Cosecha puesto,677.0,1.25
2024-05-20 00:00:00,Palmawasi,Transporte puesto,269.3298,0.3104
2024-05-20 00:00:00,Shanuzi,Cosecha puesto,510.91999999999996,2.04
2024-05-20 17:00:00,Shanuzi,Transporte bin,119.0,0.10056695842450765
2024-05-20 17:00:00,Shanuzi,Transporte puesto,200.0,0.1994519032516187
2024-05-21 00:00:00,Nuevo Horizonte,Cosecha puesto,14.0,0.01
2024-05-21 00:00:00,Nuevo Horizonte,Transporte puesto,30.2,0.0578
2024-05-21 00:00:00,Palmawasi,Cosecha puesto,666.0,1.68
2024-05-21 00:00:00,Palmawasi,Transporte puesto,600.8196,2.194
2024-05-21 00:00:00,Shanuzi,Cosecha puesto,601.4,2.54
2024-05-22 00:00:00,Palmawasi,Cosecha puesto,786.0,1.88
2024-05-22 00:00:00,Palmawasi,Transporte puesto,502.4897,1.4106
2024-05-22 00:00:00,Shanuzi,Cosecha puesto,812.67,2.7199999999999998
2024-05-23 00:00:00,Palmawasi,Cosecha puesto,536.0,0.83
2024-05-23 00:00:00,Palmawasi,Transporte puesto,329.8463,0.1855
2024-05-23 00:00:00,Shanuzi,Cosecha puesto,581.08,1.67
2024-05-23 17:00:00,Shanuzi,Transporte puesto,116.0,0.3080714533895097
2024-05-24 00:00:00,Palmawasi,Transporte bin,151.2,0.0045
2024-05-24 00:00:00,Shanuzi,Cosecha puesto,441.32,1.1600000000000001
2024-05-25 00:00:00,Palmawasi,Cosecha puesto,366.0,0.8200000000000001
2024-05-25 00:00:00,Palmawasi,Transporte puesto,212.4149,0.10500000000000001
2024-05-25 00:00:00,Shanuzi,Cosecha puesto,278.40999999999997,1.5
2024-05-25 17:00:00,Shanuzi,Transporte puesto,67.0,0.11653333333333334
2024-05-27 00:00:00,Palmawasi,Cosecha puesto,588.0,0.88
2024-05-27 00:00:00,Palmawasi,Transporte puesto,358.4898,0.28200000000000003
2024-05-27 00:00:00,Shanuzi,Cosecha puesto,736.8499999999999,3.0500000000000003
2024-05-27 17:00:00,Shanuzi,Transporte puesto,138.0,1.174426481863811
2024-05-28 00:00:00,Nuevo Horizonte,Cosecha puesto,19.0,0.06
2024-05-28 00:00:00,Palmawasi,Cosecha puesto,411.0,0.6
2024-05-28 00:00:00,Palmawasi,Transporte puesto,268.7588,0.155
2024-05-28 00:00:00,Shanuzi,Cosecha puesto,530.0699999999999,2.23
2024-05-28 17:00:00,Shanuzi,Transporte bin,122.0,0.02577056892778993
2024-05-29 00:00:00,Palmawasi,Cosecha puesto,598.0,0.96
2024-05-29 00:00:00,Palmawasi,Transporte puesto,414.4497,0.5004
2024-05-29 00:00:00,Shanuzi,Cosecha puesto,260.0,0.9099999999999999
2024-05-29 17:00:00,Shanuzi,Transporte puesto,74.0,0.25785714285714284
2024-05-30 00:00:00,Palmawasi,Cosecha puesto,634.0,0.92
2024-05-30 00:00:00,Palmawasi,Transporte puesto,378.3098,0.0717
2024-05-31 00:00:00,Palmawasi,Transporte bin,115.372,0.0062
2024-06-01 00:00:00,Palmawasi,Cosecha puesto,488.0,0.99
2024-06-01 00:00:00,Palmawasi,Transporte puesto,432.8499,0.5071
2024-06-03 00:00:00,Nuevo Horizonte,Cosecha puesto,19.0,0.08
2024-06-03 00:00:00,Palmawasi,Cosecha puesto,371.0,0.54
2024-06-03 00:00:00,Palmawasi,Transporte puesto,195.2816,0.0444
2024-06-03 00:00:00,Shanuzi,Cosecha puesto,196.60000000000002,0.97
2024-06-03 17:00:00,Shanuzi,Transporte puesto,203.0,0.8736164633448235
2024-06-04 00:00:00,Palmawasi,Cosecha puesto,591.0,1.2
2024-06-04 00:00:00,Palmawasi,Transporte puesto,490.5598,0.3906
2024-06-04 00:00:00,Shanuzi,Cosecha puesto,491.57,2.31
2024-06-04 17:00:00,Shanuzi,Transporte puesto,414.0,1.0111873139745466
2024-06-05 00:00:00,Palmawasi,Cosecha puesto,544.0,0.98
2024-06-05 00:00:00,Palmawasi,Transporte puesto,195.4368,0.2414
2024-06-05 00:00:00,Shanuzi,Cosecha puesto,679.88,3.2
2024-06-05 17:00:00,Shanuzi,Transporte puesto,468.0,0.8850030523097829
2024-06-06 00:00:00,Palmawasi,Transporte bin,107.94,0.0122
2024-06-06 00:00:00,Shanuzi,Cosecha puesto,514.01,2.63
2024-06-06 17:00:00,Shanuzi,Transporte bin,142.0,0.09832603938730852
2024-06-06 17:00:00,Shanuzi,Transporte puesto,170.0,0.17971275345283574
2024-06-07 00:00:00,Nuevo Horizonte,Cosecha puesto,12.0,0.02
2024-06-07 00:00:00,Nuevo Horizonte,Transporte puesto,40.6399,0.0562
2024-06-07 00:00:00,Palmawasi,Cosecha puesto,302.0,0.59
2024-06-07 00:00:00,Palmawasi,Transporte puesto,115.9819,0.0403
2024-06-07 00:00:00,Shanuzi,Cosecha puesto,162.5,0.74
2024-06-08 00:00:00,Shanuzi,Cosecha puesto,566.64,3.09
2024-06-10 00:00:00,Palmawasi,Cosecha puesto,449.0,0.9500000000000001
2024-06-10 00:00:00,Palmawasi,Transporte puesto,376.7197,0.485
2024-06-10 00:00:00,Shanuzi,Cosecha puesto,587.63,2.8200000000000003
2024-06-10 17:00:00,Shanuzi,Transporte puesto,125.0,0.13570554396255144
2024-06-11 00:00:00,Palmawasi,Cosecha puesto,529.0,1.13
2024-06-11 00:00:00,Palmawasi,Transporte puesto,398.9079,0.091
2024-06-11 00:00:00,Shanuzi,Cosecha puesto,579.61,3.45
2024-06-11 17:00:00,Shanuzi,Transporte bin,180.0,0.03013807439824945
2024-06-11 17:00:00,Shanuzi,Transporte puesto,349.0,1.0682180633454958
2024-06-12 00:00:00,Palmawasi,Cosecha puesto,581.0,1.46
2024-06-12 00:00:00,Palmawasi,Transporte puesto,123.6626,0.0155
2024-06-12 00:00:00,Shanuzi,Cosecha puesto,407.09,0.9299999999999999
2024-06-13 00:00:00,Palmawasi,Cosecha puesto,548.0,1.04
2024-06-13 00:00:00,Palmawasi,Transporte puesto,568.7598,0.48829999999999996
2024-06-13 00:00:00,Shanuzi,Cosecha puesto,416.62,1.55
2024-06-13 17:00:00,Shanuzi,Transporte bin,101.0,0.014405908096280088
2024-06-13 17:00:00,Shanuzi,Transporte puesto,214.0,0.36813762468985584
2024-06-14 00:00:00,Palmawasi,Transporte bin,111.63,0.0022
2024-06-14 00:00:00,Shanuzi,Cosecha puesto,267.98,0.99
2024-06-15 00:00:00,Palmawasi,Cosecha puesto,354.0,0.8200000000000001
2024-06-15 00:00:00,Palmawasi,Transporte puesto,106.458,0.0164
2024-06-15 00:00:00,Shanuzi,Cosecha puesto,442.40000000000003,2.23
2024-06-15 17:00:00,Shanuzi,Transporte bin,276.0,0.0878074398249453
2024-06-15 17:00:00,Shanuzi,Transporte puesto,132.0,0.12297562342392825
2024-06-17 00:00:00,Palmawasi,Cosecha puesto,540.0,1.15
2024-06-17 00:00:00,Palmawasi,Transporte puesto,438.4998,0.4179
2024-06-17 00:00:00,Shanuzi,Cosecha puesto,467.02000000000004,2.11
2024-06-17 17:00:00,Shanuzi,Transporte bin,117.0,0.07180087527352297
2024-06-17 17:00:00,Shanuzi,Transporte puesto,45.0,0.14951054216867468
2024-06-18 00:00:00,Palmawasi,Cosecha puesto,603.0,1.1600000000000001
2024-06-18 00:00:00,Palmawasi,Transporte puesto,274.0999,0.15660000000000002
2024-06-18 00:00:00,Shanuzi,Cosecha puesto,435.59,2.78
2024-06-18 17:00:00,Shanuzi,Transporte bin,127.0,0.07866083150984682
2024-06-18 17:00:00,Shanuzi,Transporte puesto,362.0,0.26888079588642966
2024-06-19 00:00:00,Palmawasi,Cosecha puesto,740.0,1.46
2024-06-19 00:00:00,Palmawasi,Transporte puesto,118.3258,0.0616
2024-06-19 00:00:00,Shanuzi,Cosecha puesto,647.74,2.98
2024-06-19 17:00:00,Shanuzi,Transporte puesto,237.0,0.37161334675598673
2024-06-20 00:00:00,Nuevo Horizonte,Cosecha puesto,19.0,0.03
2024-06-20 00:00:00,Palmawasi,Cosecha puesto,593.0,1.26
2024-06-20 00:00:00,Palmawasi,Transporte puesto,512.3798,0.3768
2024-06-20 00:00:00,Shanuzi,Cosecha puesto,690.56,2.57
2024-06-20 17:00:00,Shanuzi,Transporte puesto,442.0,0.7920339093310752
2024-06-21 00:00:00,Shanuzi,Cosecha puesto,515.9100000000001,1.59
2024-06-21 17:00:00,Shanuzi,Transporte bin,70.0,0.040245076586433254
2024-06-22 00:00:00,Palmawasi,Cosecha puesto,430.0,0.79
2024-06-22 00:00:00,Palmawasi,Transporte bin,88.47,0.0035
2024-06-22 00:00:00,Palmawasi,Transporte puesto,411.6098,0.449
2024-06-22 00:00:00,Shanuzi,Cosecha puesto,771.8299999999999,3.21
2024-06-22 17:00:00,Shanuzi,Transporte bin,117.0,0.13033916849015315
2024-06-22 17:00:00,Shanuzi,Transporte puesto,164.0,0.585167816091954
2024-06-24 00:00:00,Shanuzi,Cosecha puesto,506.37,1.7200000000000002
2024-06-24 17:00:00,Shanuzi,Transporte puesto,154.0,0.2628622087132725
2024-06-25 00:00:00,Palmawasi,Cosecha puesto,550.0,1.45
2024-06-25 00:00:00,Palmawasi,Transporte puesto,170.3492,0.0605
2024-06-25 00:00:00,Shanuzi,Cosecha puesto,318.76,1.5699999999999998
2024-06-25 17:00:00,Shanuzi,Transporte puesto,91.0,0.16130872483221478
2024-06-26 00:00:00,Palmawasi,Cosecha puesto,758.0,1.84
2024-06-26 00:00:00,Palmawasi,Transporte puesto,812.6898,0.9125
2024-06-26 00:00:00,Shanuzi,Cosecha puesto,315.04999999999995,1.06
2024-06-26 17:00:00,Shanuzi,Transporte puesto,308.0,1.1748730727064756
2024-06-27 00:00:00,Palmawasi,Cosecha puesto,530.0,1.04
2024-06-27 00:00:00,Palmawasi,Transporte bin,159.73,0.0049
2024-06-27 00:00:00,Palmawasi,Transporte puesto,350.594,0.2991
2024-06-27 00:00:00,Shanuzi,Cosecha puesto,394.34,1.63
2024-06-27 17:00:00,Shanuzi,Transporte puesto,111.0,0.2612687865844012
2024-06-29 00:00:00,Palmawasi,Cosecha puesto,494.0,0.9199999999999999
2024-06-29 00:00:00,Palmawasi,Transporte puesto,460.7297,0.7968999999999999
2024-07-01 00:00:00,Palmawasi,Cosecha puesto,613.0,1.49
2024-07-01 00:00:00,Palmawasi,Transporte puesto,543.1597,0.389
2024-07-01 00:00:00,Shanuzi,Cosecha puesto,274.86,0.69
2024-07-01 17:00:00,Shanuzi,Transporte bin,39.0,0.029679132791327917
2024-07-02 00:00:00,Palmawasi,Cosecha puesto,718.0,1.8800000000000001
2024-07-02 00:00:00,Palmawasi,Transporte puesto,478.3098,0.4363
2024-07-02 00:00:00,Shanuzi,Cosecha puesto,310.97,1.29
2024-07-02 17:00:00,Shanuzi,Transporte bin,29.0,0.0851397616468039
2024-07-02 17:00:00,Shanuzi,Transporte puesto,330.0,0.35585690803532244
2024-07-03 00:00:00,Nuevo Horizonte,Cosecha puesto,24.0,0.04
2024-07-03 00:00:00,Nuevo Horizonte,Transporte puesto,43.72,0.0211
2024-07-03 00:00:00,Palmawasi,Cosecha puesto,690.0,1.3699999999999999
2024-07-03 00:00:00,Palmawasi,Transporte puesto,295.5925,0.2485
2024-07-03 00:00:00,Shanuzi,Cosecha puesto,425.25,2.23
2024-07-04 00:00:00,Palmawasi,Cosecha puesto,807.0,1.57
2024-07-04 00:00:00,Palmawasi,Transporte puesto,361.21770000000004,0.7914
2024-07-04 00:00:00,Shanuzi,Cosecha puesto,692.25,3.66
2024-07-04 17:00:00,Shanuzi,Transporte bin,65.0,0.062076964769647705
2024-07-04 17:00:00,Shanuzi,Transporte puesto,202.0,0.26275102288374697
2024-07-05 00:00:00,Shanuzi,Cosecha puesto,487.93,2.79
